date,season,home_team,away_team,home_goals,away_goals
2020-02-29 18:00:00+00:00,2020,DC United,Colorado Rapids,1,2
2020-02-29 20:00:00+00:00,2020,CF Montréal,New England Revolution,2,1
2020-02-29 20:30:00+00:00,2020,Houston Dynamo,LA Galaxy,1,1
2020-02-29 22:30:00+00:00,2020,San Jose Earthquakes,Toronto FC,2,2
2020-02-29 23:00:00+00:00,2020,Orlando City SC,Real Salt Lake,0,0
2020-02-29 23:00:00+00:00,2020,FC Dallas,Philadelphia Union,2,0
2020-03-01 01:00:00+00:00,2020,Nashville SC,Atlanta United,1,2
2020-03-01 03:30:00+00:00,2020,Vancouver Whitecaps,Sporting Kansas City,1,3
2020-03-01 17:30:00+00:00,2020,Columbus Crew,New York City FC,1,0
2020-03-01 18:00:00+00:00,2020,New York Red Bulls,FC Cincinnati,3,2
2020-03-01 20:00:00+00:00,2020,Seattle Sounders FC,Chicago Fire,2,1
2020-03-01 22:30:00+00:00,2020,Los Angeles FC,Inter Miami CF,1,0
2020-03-02 00:30:00+00:00,2020,Portland Timbers,Minnesota United,1,3
2020-03-07 18:30:00+00:00,2020,New England Revolution,Chicago Fire,1,1
2020-03-07 19:00:00+00:00,2020,Real Salt Lake,New York Red Bulls,1,1
2020-03-07 20:00:00+00:00,2020,FC Dallas,CF Montréal,2,2
2020-03-07 20:30:00+00:00,2020,DC United,Inter Miami CF,2,1
2020-03-07 22:00:00+00:00,2020,Toronto FC,New York City FC,1,0
2020-03-08 00:00:00+00:00,2020,Atlanta United,FC Cincinnati,2,1
2020-03-08 01:00:00+00:00,2020,San Jose Earthquakes,Minnesota United,2,5
2020-03-08 01:30:00+00:00,2020,Sporting Kansas City,Houston Dynamo,4,0
2020-03-08 02:00:00+00:00,2020,Colorado Rapids,Orlando City SC,2,1
2020-03-08 03:00:00+00:00,2020,Seattle Sounders FC,Columbus Crew,1,1
2020-03-08 03:00:00+00:00,2020,LA Galaxy,Vancouver Whitecaps,0,1
2020-03-08 23:00:00+00:00,2020,Portland Timbers,Nashville SC,1,0
2020-03-09 02:30:00+00:00,2020,Los Angeles FC,Philadelphia Union,3,3
2020-07-09 00:00:00+00:00,2020,Orlando City SC,Inter Miami CF,2,1
2020-07-09 13:00:00+00:00,2020,New York City FC,Philadelphia Union,0,1
2020-07-10 00:00:00+00:00,2020,CF Montréal,New England Revolution,0,1
2020-07-11 01:00:00+00:00,2020,Seattle Sounders FC,San Jose Earthquakes,0,0
2020-07-12 00:45:00+00:00,2020,Atlanta United,New York Red Bulls,0,1
2020-07-12 03:20:00+00:00,2020,FC Cincinnati,Columbus Crew,0,4
2020-07-13 00:00:00+00:00,2020,Sporting Kansas City,Minnesota United,1,2
2020-07-13 02:30:00+00:00,2020,Real Salt Lake,Colorado Rapids,2,0
2020-07-13 13:00:00+00:00,2020,Toronto FC,DC United,2,2
2020-07-14 00:00:00+00:00,2020,Los Angeles FC,Houston Dynamo,3,3
2020-07-14 02:30:00+00:00,2020,LA Galaxy,Portland Timbers,1,2
2020-07-14 13:00:00+00:00,2020,Chicago Fire,Seattle Sounders FC,2,1
2020-07-15 00:00:00+00:00,2020,Orlando City SC,New York City FC,3,1
2020-07-15 02:30:00+00:00,2020,Philadelphia Union,Inter Miami CF,2,1
2020-07-16 01:00:00+00:00,2020,Vancouver Whitecaps,San Jose Earthquakes,3,4
2020-07-16 13:00:00+00:00,2020,Atlanta United,FC Cincinnati,0,1
2020-07-17 00:00:00+00:00,2020,CF Montréal,Toronto FC,3,4
2020-07-17 02:30:00+00:00,2020,Columbus Crew,New York Red Bulls,2,0
2020-07-18 00:00:00+00:00,2020,DC United,New England Revolution,1,1
2020-07-18 00:00:00+00:00,2020,Sporting Kansas City,Colorado Rapids,3,2
2020-07-18 02:30:00+00:00,2020,Real Salt Lake,Minnesota United,0,0
2020-07-19 00:00:00+00:00,2020,Portland Timbers,Houston Dynamo,2,1
2020-07-19 02:30:00+00:00,2020,Los Angeles FC,LA Galaxy,6,2
2020-07-20 00:00:00+00:00,2020,Chicago Fire,San Jose Earthquakes,0,2
2020-07-20 02:30:00+00:00,2020,Seattle Sounders FC,Vancouver Whitecaps,3,0
2020-07-20 13:00:00+00:00,2020,Inter Miami CF,New York City FC,0,1
2020-07-21 00:00:00+00:00,2020,Philadelphia Union,Orlando City SC,1,1
2020-07-21 13:00:00+00:00,2020,Toronto FC,New England Revolution,0,0
2020-07-22 00:00:00+00:00,2020,Atlanta United,Columbus Crew,0,1
2020-07-22 02:30:00+00:00,2020,CF Montréal,DC United,1,0
2020-07-22 13:00:00+00:00,2020,Real Salt Lake,Sporting Kansas City,0,2
2020-07-23 00:00:00+00:00,2020,FC Cincinnati,New York Red Bulls,2,0
2020-07-23 02:30:00+00:00,2020,Colorado Rapids,Minnesota United,2,2
2020-07-23 13:00:00+00:00,2020,Chicago Fire,Vancouver Whitecaps,0,2
2020-07-24 00:00:00+00:00,2020,LA Galaxy,Houston Dynamo,1,1
2020-07-24 02:30:00+00:00,2020,Los Angeles FC,Portland Timbers,2,2
2020-07-26 00:00:00+00:00,2020,Orlando City SC,CF Montréal,1,0
2020-07-26 02:30:00+00:00,2020,Philadelphia Union,New England Revolution,1,0
2020-07-27 00:30:00+00:00,2020,Toronto FC,New York City FC,1,3
2020-07-27 03:00:00+00:00,2020,Sporting Kansas City,Vancouver Whitecaps,0,0
2020-07-28 00:30:00+00:00,2020,San Jose Earthquakes,Real Salt Lake,5,2
2020-07-28 03:00:00+00:00,2020,Seattle Sounders FC,Los Angeles FC,1,4
2020-07-29 00:00:00+00:00,2020,Columbus Crew,Minnesota United,1,1
2020-07-29 02:30:00+00:00,2020,Portland Timbers,FC Cincinnati,1,1
2020-07-31 00:00:00+00:00,2020,Philadelphia Union,Sporting Kansas City,3,1
2020-07-31 23:30:00+00:00,2020,Orlando City SC,Los Angeles FC,1,1
2020-08-02 00:00:00+00:00,2020,San Jose Earthquakes,Minnesota United,1,4
2020-08-02 02:30:00+00:00,2020,New York City FC,Portland Timbers,1,3
2020-08-06 00:00:00+00:00,2020,Philadelphia Union,Portland Timbers,1,2
2020-08-07 01:14:00+00:00,2020,Orlando City SC,Minnesota United,3,1
2020-08-12 00:30:00+00:00,2020,Portland Timbers,Orlando City SC,2,1
2020-08-13 00:30:00+00:00,2020,FC Dallas,Nashville SC,0,1
2020-08-17 04:07:00+00:00,2020,FC Dallas,Nashville SC,0,0
2020-08-19 00:00:00+00:00,2020,Toronto FC,Vancouver Whitecaps,3,0
2020-08-20 23:00:00+00:00,2020,New York Red Bulls,New York City FC,1,0
2020-08-20 23:30:00+00:00,2020,Columbus Crew,Chicago Fire,3,0
2020-08-20 23:30:00+00:00,2020,New England Revolution,Philadelphia Union,0,0
2020-08-21 23:30:00+00:00,2020,FC Cincinnati,DC United,0,0
2020-08-21 23:30:00+00:00,2020,Minnesota United,Sporting Kansas City,1,2
2020-08-22 00:00:00+00:00,2020,Toronto FC,Vancouver Whitecaps,1,0
2020-08-22 00:00:00+00:00,2020,Houston Dynamo,FC Dallas,0,0
2020-08-22 22:00:00+00:00,2020,Los Angeles FC,LA Galaxy,0,2
2020-08-22 23:00:00+00:00,2020,Atlanta United,Nashville SC,2,0
2020-08-23 00:00:00+00:00,2020,Inter Miami CF,Orlando City SC,3,2
2020-08-23 01:00:00+00:00,2020,Colorado Rapids,Real Salt Lake,1,4
2020-08-24 02:00:00+00:00,2020,Portland Timbers,Seattle Sounders FC,0,3
2020-08-24 23:00:00+00:00,2020,New York City FC,Columbus Crew,1,0
2020-08-25 23:00:00+00:00,2020,DC United,New England Revolution,1,2
2020-08-25 23:30:00+00:00,2020,Chicago Fire,FC Cincinnati,3,0
2020-08-25 23:30:00+00:00,2020,Philadelphia Union,New York Red Bulls,1,0
2020-08-26 00:00:00+00:00,2020,CF Montréal,Vancouver Whitecaps,2,0
2020-08-26 00:30:00+00:00,2020,Sporting Kansas City,Houston Dynamo,2,5
2020-08-26 23:30:00+00:00,2020,Orlando City SC,Nashville SC,3,1
2020-08-29 00:00:00+00:00,2020,CF Montréal,Toronto FC,0,1
2020-08-29 19:30:00+00:00,2020,Atlanta United,Orlando City SC,1,3
2020-08-29 23:30:00+00:00,2020,Philadelphia Union,DC United,4,1
2020-08-29 23:30:00+00:00,2020,FC Cincinnati,Columbus Crew,0,0
2020-08-29 23:30:00+00:00,2020,New York City FC,Chicago Fire,3,1
2020-08-30 00:00:00+00:00,2020,New England Revolution,New York Red Bulls,1,1
2020-08-30 00:30:00+00:00,2020,FC Dallas,Minnesota United,3,1
2020-08-30 01:00:00+00:00,2020,Colorado Rapids,Sporting Kansas City,1,1
2020-08-30 02:30:00+00:00,2020,LA Galaxy,San Jose Earthquakes,3,2
2020-08-30 02:30:00+00:00,2020,Portland Timbers,Real Salt Lake,4,4
2020-08-31 00:30:00+00:00,2020,Nashville SC,Inter Miami CF,1,0
2020-08-31 02:00:00+00:00,2020,Seattle Sounders FC,Los Angeles FC,3,1
2020-09-02 00:00:00+00:00,2020,Toronto FC,CF Montréal,0,1
2020-09-02 23:00:00+00:00,2020,Atlanta United,Inter Miami CF,0,0
2020-09-02 23:30:00+00:00,2020,FC Cincinnati,Chicago Fire,0,0
2020-09-02 23:30:00+00:00,2020,New York Red Bulls,DC United,0,1
2020-09-02 23:30:00+00:00,2020,Columbus Crew,Philadelphia Union,1,0
2020-09-03 00:00:00+00:00,2020,Houston Dynamo,Minnesota United,3,0
2020-09-03 00:00:00+00:00,2020,New England Revolution,New York City FC,0,2
2020-09-03 00:30:00+00:00,2020,Sporting Kansas City,FC Dallas,1,1
2020-09-03 00:30:00+00:00,2020,Nashville SC,Orlando City SC,1,1
2020-09-03 01:30:00+00:00,2020,Real Salt Lake,Seattle Sounders FC,2,2
2020-09-03 02:30:00+00:00,2020,Portland Timbers,LA Galaxy,2,3
2020-09-03 03:00:00+00:00,2020,Los Angeles FC,San Jose Earthquakes,5,1
2020-09-06 00:00:00+00:00,2020,Houston Dynamo,Sporting Kansas City,2,1
2020-09-06 00:00:00+00:00,2020,Orlando City SC,Atlanta United,1,1
2020-09-06 01:30:00+00:00,2020,Vancouver Whitecaps,Toronto FC,3,2
2020-09-06 02:30:00+00:00,2020,San Jose Earthquakes,Colorado Rapids,1,1
2020-09-06 23:00:00+00:00,2020,New York Red Bulls,Philadelphia Union,0,3
2020-09-06 23:00:00+00:00,2020,DC United,New York City FC,0,0
2020-09-06 23:30:00+00:00,2020,Chicago Fire,New England Revolution,1,2
2020-09-06 23:30:00+00:00,2020,Columbus Crew,FC Cincinnati,3,0
2020-09-07 00:00:00+00:00,2020,Minnesota United,Real Salt Lake,4,0
2020-09-07 01:45:00+00:00,2020,Inter Miami CF,Nashville SC,0,0
2020-09-07 02:00:00+00:00,2020,Seattle Sounders FC,Portland Timbers,1,2
2020-09-07 02:30:00+00:00,2020,LA Galaxy,Los Angeles FC,3,0
2020-09-10 00:00:00+00:00,2020,Inter Miami CF,Atlanta United,2,1
2020-09-10 00:00:00+00:00,2020,CF Montréal,Toronto FC,1,2
2020-09-10 00:00:00+00:00,2020,Minnesota United,FC Dallas,3,2
2020-09-10 01:00:00+00:00,2020,Colorado Rapids,Houston Dynamo,1,1
2020-09-10 01:30:00+00:00,2020,Real Salt Lake,Los Angeles FC,3,0
2020-09-11 02:00:00+00:00,2020,Seattle Sounders FC,San Jose Earthquakes,7,1
2020-09-12 19:30:00+00:00,2020,Chicago Fire,Columbus Crew,2,2
2020-09-12 23:00:00+00:00,2020,New York City FC,FC Cincinnati,2,1
2020-09-12 23:00:00+00:00,2020,DC United,New York Red Bulls,0,2
2020-09-12 23:30:00+00:00,2020,Orlando City SC,Inter Miami CF,2,1
2020-09-12 23:30:00+00:00,2020,Philadelphia Union,New England Revolution,2,1
2020-09-13 00:30:00+00:00,2020,Nashville SC,Atlanta United,4,2
2020-09-13 00:30:00+00:00,2020,FC Dallas,Houston Dynamo,2,1
2020-09-13 01:30:00+00:00,2020,Real Salt Lake,Colorado Rapids,0,5
2020-09-14 00:30:00+00:00,2020,Sporting Kansas City,Minnesota United,1,0
2020-09-14 01:30:00+00:00,2020,Vancouver Whitecaps,CF Montréal,2,4
2020-09-14 03:00:00+00:00,2020,Los Angeles FC,Portland Timbers,4,2
2020-09-14 03:00:00+00:00,2020,San Jose Earthquakes,LA Galaxy,0,0
2020-09-17 00:30:00+00:00,2020,FC Dallas,Colorado Rapids,4,1
2020-09-17 01:30:00+00:00,2020,San Jose Earthquakes,Portland Timbers,1,1
2020-09-17 01:30:00+00:00,2020,Vancouver Whitecaps,CF Montréal,3,1
2020-09-19 02:00:00+00:00,2020,Seattle Sounders FC,Los Angeles FC,3,0
2020-09-19 19:30:00+00:00,2020,Sporting Kansas City,FC Dallas,2,3
2020-09-19 20:30:00+00:00,2020,New England Revolution,New York City FC,0,0
2020-09-19 23:00:00+00:00,2020,New York Red Bulls,FC Cincinnati,0,1
2020-09-19 23:00:00+00:00,2020,Atlanta United,Inter Miami CF,1,2
2020-09-19 23:30:00+00:00,2020,Orlando City SC,Chicago Fire,4,1
2020-09-19 23:30:00+00:00,2020,DC United,Toronto FC,2,2
2020-09-19 23:30:00+00:00,2020,Columbus Crew,Nashville SC,2,0
2020-09-20 00:00:00+00:00,2020,Houston Dynamo,Minnesota United,2,2
2020-09-20 01:30:00+00:00,2020,Real Salt Lake,Vancouver Whitecaps,1,2
2020-09-20 02:30:00+00:00,2020,San Jose Earthquakes,Portland Timbers,1,6
2020-09-20 02:30:00+00:00,2020,LA Galaxy,Colorado Rapids,0,2
2020-09-20 23:00:00+00:00,2020,CF Montréal,Philadelphia Union,1,4
2020-09-23 21:00:00+00:00,2020,New England Revolution,CF Montréal,3,1
2020-09-23 23:00:00+00:00,2020,Atlanta United,FC Dallas,1,0
2020-09-23 23:00:00+00:00,2020,New York City FC,Toronto FC,0,1
2020-09-23 23:30:00+00:00,2020,Sporting Kansas City,Orlando City SC,1,2
2020-09-23 23:30:00+00:00,2020,Columbus Crew,Minnesota United,2,1
2020-09-23 23:30:00+00:00,2020,Chicago Fire,Houston Dynamo,4,0
2020-09-23 23:30:00+00:00,2020,FC Cincinnati,Philadelphia Union,0,0
2020-09-24 00:00:00+00:00,2020,Inter Miami CF,New York Red Bulls,1,4
2020-09-24 00:30:00+00:00,2020,Nashville SC,DC United,1,0
2020-09-24 01:00:00+00:00,2020,Colorado Rapids,San Jose Earthquakes,5,0
2020-09-24 01:30:00+00:00,2020,Real Salt Lake,LA Galaxy,2,0
2020-09-24 02:00:00+00:00,2020,Portland Timbers,Seattle Sounders FC,1,0
2020-09-24 02:30:00+00:00,2020,Los Angeles FC,Vancouver Whitecaps,6,0
2020-09-26 19:30:00+00:00,2020,Nashville SC,Houston Dynamo,1,1
2020-09-26 23:00:00+00:00,2020,New York City FC,FC Cincinnati,4,0
2020-09-27 23:00:00+00:00,2020,DC United,New England Revolution,0,2
2020-09-27 23:00:00+00:00,2020,New York Red Bulls,CF Montréal,4,1
2020-09-27 23:30:00+00:00,2020,Philadelphia Union,Inter Miami CF,3,0
2020-09-27 23:30:00+00:00,2020,Toronto FC,Columbus Crew,3,1
2020-09-27 23:30:00+00:00,2020,Chicago Fire,Atlanta United,2,0
2020-09-28 00:00:00+00:00,2020,Minnesota United,Real Salt Lake,0,0
2020-09-28 00:30:00+00:00,2020,FC Dallas,Orlando City SC,0,0
2020-09-28 02:00:00+00:00,2020,Vancouver Whitecaps,Portland Timbers,0,1
2020-09-28 02:30:00+00:00,2020,Los Angeles FC,San Jose Earthquakes,1,2
2020-09-28 02:30:00+00:00,2020,LA Galaxy,Seattle Sounders FC,1,3
2020-10-03 20:30:00+00:00,2020,Orlando City SC,New York Red Bulls,3,1
2020-10-03 23:00:00+00:00,2020,DC United,Atlanta United,0,4
2020-10-03 23:30:00+00:00,2020,Toronto FC,Philadelphia Union,2,1
2020-10-03 23:30:00+00:00,2020,New England Revolution,Nashville SC,0,0
2020-10-03 23:30:00+00:00,2020,CF Montréal,Chicago Fire,2,2
2020-10-04 00:00:00+00:00,2020,Minnesota United,FC Cincinnati,2,0
2020-10-04 00:00:00+00:00,2020,Houston Dynamo,Sporting Kansas City,1,2
2020-10-04 00:00:00+00:00,2020,Inter Miami CF,New York City FC,2,3
2020-10-04 00:30:00+00:00,2020,FC Dallas,Columbus Crew,2,2
2020-10-04 02:00:00+00:00,2020,Seattle Sounders FC,Vancouver Whitecaps,3,1
2020-10-04 02:30:00+00:00,2020,San Jose Earthquakes,LA Galaxy,2,1
2020-10-05 01:30:00+00:00,2020,Real Salt Lake,Los Angeles FC,1,3
2020-10-07 00:30:00+00:00,2020,Nashville SC,Minnesota United,0,0
2020-10-07 23:00:00+00:00,2020,Atlanta United,Orlando City SC,0,0
2020-10-07 23:00:00+00:00,2020,New York Red Bulls,Inter Miami CF,1,2
2020-10-07 23:30:00+00:00,2020,Columbus Crew,CF Montréal,1,2
2020-10-07 23:30:00+00:00,2020,New England Revolution,Toronto FC,0,1
2020-10-07 23:30:00+00:00,2020,Philadelphia Union,FC Cincinnati,3,0
2020-10-08 00:00:00+00:00,2020,Houston Dynamo,FC Dallas,2,0
2020-10-08 00:00:00+00:00,2020,New York City FC,DC United,4,1
2020-10-08 00:30:00+00:00,2020,Sporting Kansas City,Chicago Fire,1,0
2020-10-08 02:00:00+00:00,2020,Seattle Sounders FC,Real Salt Lake,2,1
2020-10-08 02:30:00+00:00,2020,LA Galaxy,Portland Timbers,3,6
2020-10-08 02:30:00+00:00,2020,San Jose Earthquakes,Vancouver Whitecaps,3,0
2020-10-10 21:00:00+00:00,2020,Inter Miami CF,Houston Dynamo,1,0
2020-10-10 22:00:00+00:00,2020,Atlanta United,New York Red Bulls,0,1
2020-10-11 02:00:00+00:00,2020,Vancouver Whitecaps,Real Salt Lake,2,1
2020-10-11 20:30:00+00:00,2020,New York City FC,New England Revolution,1,2
2020-10-11 23:00:00+00:00,2020,Los Angeles FC,Seattle Sounders FC,3,1
2020-10-11 23:30:00+00:00,2020,Chicago Fire,DC United,2,1
2020-10-11 23:30:00+00:00,2020,Philadelphia Union,CF Montréal,2,1
2020-10-11 23:30:00+00:00,2020,Sporting Kansas City,Nashville SC,2,1
2020-10-11 23:30:00+00:00,2020,FC Cincinnati,Toronto FC,0,1
2020-10-12 02:00:00+00:00,2020,Portland Timbers,San Jose Earthquakes,3,0
2020-10-14 23:30:00+00:00,2020,CF Montréal,New England Revolution,2,3
2020-10-14 23:30:00+00:00,2020,FC Cincinnati,Columbus Crew,2,1
2020-10-14 23:30:00+00:00,2020,Toronto FC,New York Red Bulls,1,1
2020-10-14 23:30:00+00:00,2020,Orlando City SC,New York City FC,1,1
2020-10-15 00:00:00+00:00,2020,DC United,Philadelphia Union,2,2
2020-10-15 00:00:00+00:00,2020,Inter Miami CF,Atlanta United,1,1
2020-10-15 00:00:00+00:00,2020,Houston Dynamo,Nashville SC,1,3
2020-10-15 00:30:00+00:00,2020,FC Dallas,Sporting Kansas City,1,0
2020-10-15 01:30:00+00:00,2020,Real Salt Lake,Portland Timbers,2,1
2020-10-15 02:00:00+00:00,2020,Vancouver Whitecaps,Los Angeles FC,2,1
2020-10-15 02:30:00+00:00,2020,LA Galaxy,San Jose Earthquakes,0,4
2020-10-17 19:30:00+00:00,2020,Chicago Fire,Sporting Kansas City,2,2
2020-10-17 23:00:00+00:00,2020,CF Montréal,Inter Miami CF,2,1
2020-10-18 22:00:00+00:00,2020,Columbus Crew,New York City FC,3,1
2020-10-18 23:00:00+00:00,2020,New York Red Bulls,Orlando City SC,1,1
2020-10-18 23:30:00+00:00,2020,FC Cincinnati,DC United,1,2
2020-10-18 23:30:00+00:00,2020,Toronto FC,Atlanta United,1,0
2020-10-19 00:00:00+00:00,2020,Minnesota United,Houston Dynamo,2,2
2020-10-19 02:00:00+00:00,2020,Portland Timbers,Los Angeles FC,1,1
2020-10-19 02:30:00+00:00,2020,LA Galaxy,Vancouver Whitecaps,1,0
2020-10-19 02:30:00+00:00,2020,San Jose Earthquakes,Seattle Sounders FC,0,0
2020-10-19 23:30:00+00:00,2020,New England Revolution,Philadelphia Union,1,2
2020-10-21 00:30:00+00:00,2020,Nashville SC,FC Dallas,3,0
2020-10-23 02:30:00+00:00,2020,Seattle Sounders FC,Portland Timbers,1,1
2020-10-24 01:50:00+00:00,2020,Nashville SC,New England Revolution,1,1
2020-10-24 19:30:00+00:00,2020,Inter Miami CF,Orlando City SC,2,1
2020-10-24 20:00:00+00:00,2020,Atlanta United,DC United,1,2
2020-10-24 23:30:00+00:00,2020,Philadelphia Union,Toronto FC,5,0
2020-10-24 23:30:00+00:00,2020,New York City FC,CF Montréal,3,1
2020-10-24 23:30:00+00:00,2020,Chicago Fire,New York Red Bulls,2,2
2020-10-24 23:30:00+00:00,2020,FC Cincinnati,Minnesota United,0,1
2020-10-25 00:00:00+00:00,2020,Houston Dynamo,Columbus Crew,1,1
2020-10-25 00:30:00+00:00,2020,Sporting Kansas City,Colorado Rapids,4,0
2020-10-25 01:30:00+00:00,2020,Real Salt Lake,FC Dallas,0,0
2020-10-25 02:00:00+00:00,2020,Vancouver Whitecaps,San Jose Earthquakes,2,1
2020-10-25 19:30:00+00:00,2020,Los Angeles FC,LA Galaxy,2,0
2020-10-27 23:00:00+00:00,2020,CF Montréal,Nashville SC,0,1
2020-10-28 02:00:00+00:00,2020,Vancouver Whitecaps,Seattle Sounders FC,0,2
2020-10-28 23:00:00+00:00,2020,New York Red Bulls,New England Revolution,1,0
2020-10-28 23:30:00+00:00,2020,Toronto FC,New York City FC,0,1
2020-10-28 23:30:00+00:00,2020,Philadelphia Union,Chicago Fire,2,1
2020-10-28 23:30:00+00:00,2020,FC Cincinnati,Sporting Kansas City,0,1
2020-10-28 23:30:00+00:00,2020,Orlando City SC,Atlanta United,4,1
2020-10-29 00:00:00+00:00,2020,DC United,Columbus Crew,1,0
2020-10-29 00:00:00+00:00,2020,Minnesota United,Colorado Rapids,2,1
2020-10-29 00:30:00+00:00,2020,FC Dallas,Inter Miami CF,2,1
2020-10-29 02:00:00+00:00,2020,Portland Timbers,LA Galaxy,5,2
2020-10-29 02:30:00+00:00,2020,San Jose Earthquakes,Real Salt Lake,2,0
2020-10-29 02:30:00+00:00,2020,Los Angeles FC,Houston Dynamo,2,1
2020-10-31 19:30:00+00:00,2020,FC Dallas,Houston Dynamo,3,0
2020-11-01 00:30:00+00:00,2020,Nashville SC,Chicago Fire,1,1
2020-11-01 20:30:00+00:00,2020,Columbus Crew,Philadelphia Union,2,1
2020-11-02 00:00:00+00:00,2020,New York City FC,New York Red Bulls,5,2
2020-11-02 00:00:00+00:00,2020,Atlanta United,FC Cincinnati,2,0
2020-11-02 00:30:00+00:00,2020,New England Revolution,DC United,4,3
2020-11-02 00:30:00+00:00,2020,CF Montréal,Orlando City SC,0,1
2020-11-02 00:30:00+00:00,2020,Toronto FC,Inter Miami CF,2,1
2020-11-02 02:00:00+00:00,2020,Colorado Rapids,Seattle Sounders FC,3,1
2020-11-02 03:00:00+00:00,2020,Portland Timbers,Vancouver Whitecaps,1,0
2020-11-02 03:30:00+00:00,2020,LA Galaxy,Real Salt Lake,2,1
2020-11-05 00:30:00+00:00,2020,Orlando City SC,Columbus Crew,2,1
2020-11-05 01:00:00+00:00,2020,Minnesota United,Chicago Fire,2,2
2020-11-05 01:30:00+00:00,2020,Nashville SC,FC Dallas,0,1
2020-11-05 03:00:00+00:00,2020,Portland Timbers,Colorado Rapids,0,1
2020-11-05 04:00:00+00:00,2020,San Jose Earthquakes,Los Angeles FC,3,2
2020-11-05 04:00:00+00:00,2020,LA Galaxy,Seattle Sounders FC,1,1
2020-11-08 20:30:00+00:00,2020,Orlando City SC,Nashville SC,2,3
2020-11-08 20:30:00+00:00,2020,Philadelphia Union,New England Revolution,2,0
2020-11-08 20:30:00+00:00,2020,Chicago Fire,New York City FC,3,4
2020-11-08 20:30:00+00:00,2020,Inter Miami CF,FC Cincinnati,2,1
2020-11-08 20:30:00+00:00,2020,New York Red Bulls,Toronto FC,2,1
2020-11-08 20:30:00+00:00,2020,Columbus Crew,Atlanta United,2,1
2020-11-08 20:30:00+00:00,2020,DC United,CF Montréal,2,3
2020-11-08 23:30:00+00:00,2020,Houston Dynamo,Colorado Rapids,1,2
2020-11-08 23:30:00+00:00,2020,Seattle Sounders FC,San Jose Earthquakes,4,1
2020-11-08 23:30:00+00:00,2020,Vancouver Whitecaps,LA Galaxy,3,0
2020-11-08 23:30:00+00:00,2020,Los Angeles FC,Portland Timbers,1,1
2020-11-08 23:30:00+00:00,2020,Real Salt Lake,Sporting Kansas City,0,2
2020-11-08 23:30:00+00:00,2020,Minnesota United,FC Dallas,3,0
2020-11-20 23:30:00+00:00,2020,New England Revolution,CF Montréal,2,1
2020-11-21 02:00:00+00:00,2020,Nashville SC,Inter Miami CF,3,0
2020-11-21 17:00:00+00:00,2020,Orlando City SC,New York City FC,1,1
2020-11-21 20:00:00+00:00,2020,Columbus Crew,New York Red Bulls,3,2
2020-11-22 21:00:00+00:00,2020,Sporting Kansas City,San Jose Earthquakes,3,3
2020-11-23 00:30:00+00:00,2020,Minnesota United,Colorado Rapids,3,0
2020-11-23 03:00:00+00:00,2020,Portland Timbers,FC Dallas,1,1
2020-11-24 23:00:00+00:00,2020,Toronto FC,Nashville SC,0,0
2020-11-25 01:00:00+00:00,2020,Philadelphia Union,New England Revolution,0,2
2020-11-25 03:30:00+00:00,2020,Seattle Sounders FC,Los Angeles FC,3,1
2020-11-29 20:00:00+00:00,2020,Orlando City SC,New England Revolution,1,3
2020-11-30 01:00:00+00:00,2020,Columbus Crew,Nashville SC,0,0
2020-12-02 02:30:00+00:00,2020,Seattle Sounders FC,FC Dallas,1,0
2020-12-04 01:30:00+00:00,2020,Sporting Kansas City,Minnesota United,0,3
2020-12-06 20:00:00+00:00,2020,Columbus Crew,New England Revolution,1,0
2020-12-08 02:30:00+00:00,2020,Seattle Sounders FC,Minnesota United,3,2
2020-12-13 01:30:00+00:00,2020,Columbus Crew,Seattle Sounders FC,3,0
2021-04-17 00:00:00+00:00,2021,Houston Dynamo,San Jose Earthquakes,2,1
2021-04-17 01:30:00+00:00,2021,Seattle Sounders FC,Minnesota United,4,0
2021-04-17 18:00:00+00:00,2021,CF Montréal,Toronto FC,4,2
2021-04-17 19:00:00+00:00,2021,Orlando City SC,Atlanta United,0,0
2021-04-17 22:00:00+00:00,2021,Los Angeles FC,Austin FC,2,0
2021-04-18 00:00:00+00:00,2021,FC Dallas,Colorado Rapids,0,0
2021-04-18 00:00:00+00:00,2021,DC United,New York City FC,2,1
2021-04-18 00:00:00+00:00,2021,New York Red Bulls,Sporting Kansas City,1,2
2021-04-18 00:30:00+00:00,2021,Chicago Fire,New England Revolution,2,2
2021-04-18 00:30:00+00:00,2021,Nashville SC,FC Cincinnati,2,2
2021-04-18 19:00:00+00:00,2021,Inter Miami CF,LA Galaxy,2,3
2021-04-18 21:30:00+00:00,2021,Columbus Crew,Philadelphia Union,0,0
2021-04-19 02:00:00+00:00,2021,Vancouver Whitecaps,Portland Timbers,1,0
2021-04-23 23:30:00+00:00,2021,Sporting Kansas City,Orlando City SC,1,1
2021-04-24 17:00:00+00:00,2021,New York City FC,FC Cincinnati,5,0
2021-04-24 18:00:00+00:00,2021,Nashville SC,CF Montréal,2,2
2021-04-24 19:00:00+00:00,2021,Toronto FC,Vancouver Whitecaps,2,2
2021-04-24 19:30:00+00:00,2021,San Jose Earthquakes,FC Dallas,3,1
2021-04-24 22:00:00+00:00,2021,Los Angeles FC,Seattle Sounders FC,1,1
2021-04-25 00:00:00+00:00,2021,Philadelphia Union,Inter Miami CF,1,2
2021-04-25 00:00:00+00:00,2021,New England Revolution,DC United,1,0
2021-04-25 00:00:00+00:00,2021,Atlanta United,Chicago Fire,3,1
2021-04-25 00:00:00+00:00,2021,Minnesota United,Real Salt Lake,1,2
2021-04-25 01:00:00+00:00,2021,Colorado Rapids,Austin FC,1,3
2021-04-25 02:30:00+00:00,2021,Portland Timbers,Houston Dynamo,2,1
2021-04-25 21:30:00+00:00,2021,LA Galaxy,New York Red Bulls,3,2
2021-05-01 17:00:00+00:00,2021,New York Red Bulls,Chicago Fire,2,0
2021-05-01 18:00:00+00:00,2021,Real Salt Lake,Sporting Kansas City,3,1
2021-05-01 19:00:00+00:00,2021,CF Montréal,Columbus Crew,0,0
2021-05-01 19:30:00+00:00,2021,Houston Dynamo,Los Angeles FC,1,1
2021-05-01 23:00:00+00:00,2021,New England Revolution,Atlanta United,2,1
2021-05-01 23:30:00+00:00,2021,Orlando City SC,FC Cincinnati,3,0
2021-05-01 23:30:00+00:00,2021,Philadelphia Union,New York City FC,0,2
2021-05-02 00:00:00+00:00,2021,Minnesota United,Austin FC,0,1
2021-05-02 00:00:00+00:00,2021,FC Dallas,Portland Timbers,4,1
2021-05-02 03:00:00+00:00,2021,San Jose Earthquakes,DC United,4,1
2021-05-02 17:00:00+00:00,2021,Nashville SC,Inter Miami CF,0,0
2021-05-03 01:00:00+00:00,2021,Seattle Sounders FC,LA Galaxy,3,0
2021-05-03 02:00:00+00:00,2021,Vancouver Whitecaps,Colorado Rapids,0,1
2021-05-08 01:30:00+00:00,2021,Real Salt Lake,San Jose Earthquakes,1,2
2021-05-08 17:00:00+00:00,2021,New York Red Bulls,Toronto FC,2,0
2021-05-08 17:00:00+00:00,2021,Chicago Fire,Philadelphia Union,0,2
2021-05-08 17:30:00+00:00,2021,Nashville SC,New England Revolution,2,0
2021-05-08 17:30:00+00:00,2021,Columbus Crew,DC United,3,1
2021-05-08 19:00:00+00:00,2021,Vancouver Whitecaps,CF Montréal,2,0
2021-05-08 19:30:00+00:00,2021,FC Dallas,Houston Dynamo,1,1
2021-05-08 22:00:00+00:00,2021,Orlando City SC,New York City FC,1,1
2021-05-09 00:00:00+00:00,2021,LA Galaxy,Los Angeles FC,2,1
2021-05-09 02:00:00+00:00,2021,Colorado Rapids,Minnesota United,3,2
2021-05-09 17:00:00+00:00,2021,Inter Miami CF,Atlanta United,1,1
2021-05-09 19:00:00+00:00,2021,Portland Timbers,Seattle Sounders FC,1,2
2021-05-09 23:30:00+00:00,2021,Sporting Kansas City,Austin FC,2,1
2021-05-12 23:00:00+00:00,2021,Toronto FC,Columbus Crew,2,0
2021-05-12 23:30:00+00:00,2021,Philadelphia Union,New England Revolution,1,1
2021-05-12 23:30:00+00:00,2021,Inter Miami CF,CF Montréal,0,2
2021-05-13 00:30:00+00:00,2021,Houston Dynamo,Sporting Kansas City,1,0
2021-05-13 01:00:00+00:00,2021,Minnesota United,Vancouver Whitecaps,1,0
2021-05-13 02:30:00+00:00,2021,San Jose Earthquakes,Seattle Sounders FC,0,1
2021-05-14 00:00:00+00:00,2021,DC United,Chicago Fire,1,0
2021-05-15 17:00:00+00:00,2021,New York City FC,Toronto FC,1,1
2021-05-15 19:30:00+00:00,2021,LA Galaxy,Austin FC,2,0
2021-05-15 23:00:00+00:00,2021,Atlanta United,CF Montréal,1,0
2021-05-15 23:30:00+00:00,2021,Philadelphia Union,New York Red Bulls,1,0
2021-05-16 00:00:00+00:00,2021,Minnesota United,FC Dallas,1,0
2021-05-16 01:00:00+00:00,2021,Colorado Rapids,Houston Dynamo,3,1
2021-05-16 01:30:00+00:00,2021,Real Salt Lake,Nashville SC,0,0
2021-05-16 02:00:00+00:00,2021,San Jose Earthquakes,Portland Timbers,0,2
2021-05-16 18:00:00+00:00,2021,Sporting Kansas City,Vancouver Whitecaps,3,0
2021-05-16 20:00:00+00:00,2021,FC Cincinnati,Inter Miami CF,2,3
2021-05-16 22:00:00+00:00,2021,New England Revolution,Columbus Crew,1,0
2021-05-17 00:00:00+00:00,2021,DC United,Orlando City SC,0,1
2021-05-17 01:30:00+00:00,2021,Seattle Sounders FC,Los Angeles FC,2,0
2021-05-22 17:00:00+00:00,2021,CF Montréal,FC Cincinnati,1,2
2021-05-22 19:30:00+00:00,2021,Portland Timbers,LA Galaxy,3,0
2021-05-22 22:00:00+00:00,2021,Chicago Fire,Inter Miami CF,1,0
2021-05-22 23:00:00+00:00,2021,Orlando City SC,Toronto FC,1,0
2021-05-22 23:30:00+00:00,2021,New York City FC,Columbus Crew,1,2
2021-05-23 00:00:00+00:00,2021,FC Dallas,Real Salt Lake,2,2
2021-05-23 00:00:00+00:00,2021,New England Revolution,New York Red Bulls,3,1
2021-05-23 01:00:00+00:00,2021,Houston Dynamo,Vancouver Whitecaps,2,1
2021-05-23 02:00:00+00:00,2021,San Jose Earthquakes,Sporting Kansas City,1,3
2021-05-23 02:30:00+00:00,2021,Los Angeles FC,Colorado Rapids,2,1
2021-05-23 20:30:00+00:00,2021,Seattle Sounders FC,Atlanta United,1,1
2021-05-23 23:15:00+00:00,2021,DC United,Philadelphia Union,0,1
2021-05-24 01:00:00+00:00,2021,Nashville SC,Austin FC,1,0
2021-05-29 17:00:00+00:00,2021,New York Red Bulls,Orlando City SC,2,1
2021-05-29 17:00:00+00:00,2021,Chicago Fire,CF Montréal,0,1
2021-05-29 19:00:00+00:00,2021,Columbus Crew,Toronto FC,2,1
2021-05-29 19:00:00+00:00,2021,FC Cincinnati,New England Revolution,0,1
2021-05-29 19:30:00+00:00,2021,Atlanta United,Nashville SC,2,2
2021-05-29 21:00:00+00:00,2021,Los Angeles FC,New York City FC,1,2
2021-05-29 23:00:00+00:00,2021,LA Galaxy,San Jose Earthquakes,1,0
2021-05-30 00:00:00+00:00,2021,Inter Miami CF,DC United,0,3
2021-05-30 00:30:00+00:00,2021,Sporting Kansas City,Houston Dynamo,3,2
2021-05-30 01:00:00+00:00,2021,Colorado Rapids,FC Dallas,3,0
2021-05-30 01:30:00+00:00,2021,Real Salt Lake,Minnesota United,1,1
2021-05-30 23:00:00+00:00,2021,Philadelphia Union,Portland Timbers,3,0
2021-05-31 01:30:00+00:00,2021,Seattle Sounders FC,Austin FC,0,0
2021-06-12 19:00:00+00:00,2021,Sporting Kansas City,Austin FC,1,1
2021-06-19 00:00:00+00:00,2021,New York Red Bulls,Nashville SC,2,0
2021-06-19 02:00:00+00:00,2021,Real Salt Lake,Vancouver Whitecaps,3,1
2021-06-19 23:30:00+00:00,2021,Columbus Crew,Chicago Fire,2,0
2021-06-19 23:30:00+00:00,2021,New York City FC,New England Revolution,2,3
2021-06-19 23:30:00+00:00,2021,Toronto FC,Orlando City SC,2,3
2021-06-19 23:30:00+00:00,2021,FC Cincinnati,Colorado Rapids,0,2
2021-06-20 00:00:00+00:00,2021,DC United,Inter Miami CF,1,0
2021-06-20 00:30:00+00:00,2021,FC Dallas,Minnesota United,1,1
2021-06-20 01:00:00+00:00,2021,LA Galaxy,Seattle Sounders FC,1,2
2021-06-20 01:00:00+00:00,2021,Austin FC,San Jose Earthquakes,0,0
2021-06-20 02:30:00+00:00,2021,Portland Timbers,Sporting Kansas City,2,1
2021-06-20 03:00:00+00:00,2021,Los Angeles FC,Houston Dynamo,1,1
2021-06-20 18:00:00+00:00,2021,Atlanta United,Philadelphia Union,2,2
2021-06-23 00:00:00+00:00,2021,Orlando City SC,San Jose Earthquakes,5,0
2021-06-23 23:00:00+00:00,2021,New England Revolution,New York Red Bulls,3,2
2021-06-23 23:30:00+00:00,2021,Philadelphia Union,Columbus Crew,1,0
2021-06-23 23:30:00+00:00,2021,New York City FC,Atlanta United,1,0
2021-06-24 00:00:00+00:00,2021,Minnesota United,Austin FC,2,0
2021-06-24 00:00:00+00:00,2021,CF Montréal,DC United,0,0
2021-06-24 00:00:00+00:00,2021,Chicago Fire,FC Cincinnati,0,1
2021-06-24 00:30:00+00:00,2021,Sporting Kansas City,Colorado Rapids,3,1
2021-06-24 00:30:00+00:00,2021,Nashville SC,Toronto FC,3,2
2021-06-24 00:30:00+00:00,2021,Houston Dynamo,Portland Timbers,2,2
2021-06-24 02:00:00+00:00,2021,Seattle Sounders FC,Real Salt Lake,2,1
2021-06-24 02:30:00+00:00,2021,Los Angeles FC,FC Dallas,2,0
2021-06-24 02:30:00+00:00,2021,Vancouver Whitecaps,LA Galaxy,1,2
2021-06-26 00:00:00+00:00,2021,Inter Miami CF,Orlando City SC,1,2
2021-06-26 21:30:00+00:00,2021,Sporting Kansas City,Los Angeles FC,2,1
2021-06-26 23:00:00+00:00,2021,Toronto FC,FC Cincinnati,0,2
2021-06-27 00:00:00+00:00,2021,Chicago Fire,Philadelphia Union,3,3
2021-06-27 00:00:00+00:00,2021,Real Salt Lake,Houston Dynamo,1,1
2021-06-27 00:30:00+00:00,2021,Nashville SC,CF Montréal,1,1
2021-06-27 01:00:00+00:00,2021,Seattle Sounders FC,Vancouver Whitecaps,2,2
2021-06-27 02:00:00+00:00,2021,San Jose Earthquakes,LA Galaxy,1,3
2021-06-27 03:30:00+00:00,2021,Portland Timbers,Minnesota United,0,1
2021-06-27 19:30:00+00:00,2021,Atlanta United,New York Red Bulls,0,0
2021-06-27 22:00:00+00:00,2021,New York City FC,DC United,2,1
2021-06-28 00:00:00+00:00,2021,Austin FC,Columbus Crew,0,0
2021-06-28 01:00:00+00:00,2021,FC Dallas,New England Revolution,2,1
2021-07-02 01:30:00+00:00,2021,Austin FC,Portland Timbers,4,1
2021-07-03 21:00:00+00:00,2021,Columbus Crew,New England Revolution,2,2
2021-07-03 21:30:00+00:00,2021,DC United,Toronto FC,7,1
2021-07-03 23:30:00+00:00,2021,CF Montréal,Inter Miami CF,1,0
2021-07-03 23:30:00+00:00,2021,Orlando City SC,New York Red Bulls,1,2
2021-07-04 00:00:00+00:00,2021,Chicago Fire,Atlanta United,3,0
2021-07-04 00:00:00+00:00,2021,Minnesota United,San Jose Earthquakes,2,2
2021-07-04 00:00:00+00:00,2021,Nashville SC,Philadelphia Union,1,0
2021-07-04 00:30:00+00:00,2021,Houston Dynamo,FC Cincinnati,1,1
2021-07-04 02:00:00+00:00,2021,Real Salt Lake,Los Angeles FC,0,1
2021-07-05 00:30:00+00:00,2021,FC Dallas,Vancouver Whitecaps,2,2
2021-07-05 01:00:00+00:00,2021,Colorado Rapids,Seattle Sounders FC,1,1
2021-07-05 02:30:00+00:00,2021,LA Galaxy,Sporting Kansas City,0,2
2021-07-07 23:00:00+00:00,2021,New England Revolution,Toronto FC,2,3
2021-07-07 23:30:00+00:00,2021,CF Montréal,New York City FC,2,1
2021-07-08 00:00:00+00:00,2021,Chicago Fire,Orlando City SC,3,1
2021-07-08 01:00:00+00:00,2021,Colorado Rapids,Minnesota United,2,0
2021-07-08 01:00:00+00:00,2021,Austin FC,Los Angeles FC,0,2
2021-07-08 01:00:00+00:00,2021,Seattle Sounders FC,Houston Dynamo,2,0
2021-07-08 02:00:00+00:00,2021,Vancouver Whitecaps,Real Salt Lake,0,4
2021-07-08 02:30:00+00:00,2021,LA Galaxy,FC Dallas,3,1
2021-07-09 00:00:00+00:00,2021,New York Red Bulls,Philadelphia Union,1,1
2021-07-09 00:30:00+00:00,2021,Nashville SC,Atlanta United,2,2
2021-07-09 23:30:00+00:00,2021,FC Cincinnati,Columbus Crew,2,2
2021-07-17 21:00:00+00:00,2021,Atlanta United,New England Revolution,0,1
2021-07-17 23:30:00+00:00,2021,Toronto FC,Orlando City SC,1,1
2021-07-17 23:30:00+00:00,2021,Philadelphia Union,DC United,2,1
2021-07-17 23:30:00+00:00,2021,Columbus Crew,New York City FC,2,1
2021-07-17 23:30:00+00:00,2021,CF Montréal,FC Cincinnati,5,4
2021-07-18 00:30:00+00:00,2021,Nashville SC,Chicago Fire,5,1
2021-07-18 01:00:00+00:00,2021,Colorado Rapids,San Jose Earthquakes,1,1
2021-07-18 02:00:00+00:00,2021,Vancouver Whitecaps,LA Galaxy,2,1
2021-07-18 02:30:00+00:00,2021,Los Angeles FC,Real Salt Lake,2,1
2021-07-18 02:30:00+00:00,2021,Portland Timbers,FC Dallas,1,0
2021-07-18 18:00:00+00:00,2021,Minnesota United,Seattle Sounders FC,1,0
2021-07-21 02:00:00+00:00,2021,Vancouver Whitecaps,Houston Dynamo,0,0
2021-07-21 23:30:00+00:00,2021,New York City FC,CF Montréal,1,0
2021-07-21 23:30:00+00:00,2021,Columbus Crew,Nashville SC,0,0
2021-07-21 23:30:00+00:00,2021,Toronto FC,New York Red Bulls,1,1
2021-07-21 23:30:00+00:00,2021,Inter Miami CF,New England Revolution,0,5
2021-07-22 00:00:00+00:00,2021,Chicago Fire,DC United,2,2
2021-07-22 00:00:00+00:00,2021,FC Cincinnati,Atlanta United,1,1
2021-07-22 00:30:00+00:00,2021,Sporting Kansas City,San Jose Earthquakes,1,1
2021-07-22 01:00:00+00:00,2021,Colorado Rapids,FC Dallas,2,0
2021-07-22 02:00:00+00:00,2021,Real Salt Lake,LA Galaxy,2,2
2021-07-22 02:30:00+00:00,2021,Portland Timbers,Los Angeles FC,2,1
2021-07-23 00:25:00+00:00,2021,Orlando City SC,Philadelphia Union,2,1
2021-07-23 01:30:00+00:00,2021,Austin FC,Seattle Sounders FC,0,1
2021-07-24 19:30:00+00:00,2021,Atlanta United,Columbus Crew,0,1
2021-07-25 00:00:00+00:00,2021,Minnesota United,Portland Timbers,2,1
2021-07-25 00:00:00+00:00,2021,Chicago Fire,Toronto FC,1,2
2021-07-25 00:30:00+00:00,2021,Nashville SC,FC Cincinnati,3,0
2021-07-25 00:30:00+00:00,2021,FC Dallas,LA Galaxy,4,0
2021-07-25 02:00:00+00:00,2021,Real Salt Lake,Colorado Rapids,3,0
2021-07-25 02:00:00+00:00,2021,San Jose Earthquakes,Houston Dynamo,1,1
2021-07-25 02:30:00+00:00,2021,Los Angeles FC,Vancouver Whitecaps,2,2
2021-07-25 22:00:00+00:00,2021,New England Revolution,CF Montréal,2,1
2021-07-25 22:00:00+00:00,2021,New York City FC,Orlando City SC,5,0
2021-07-25 23:30:00+00:00,2021,Inter Miami CF,Philadelphia Union,1,1
2021-07-26 00:00:00+00:00,2021,DC United,New York Red Bulls,1,0
2021-07-26 01:00:00+00:00,2021,Seattle Sounders FC,Sporting Kansas City,1,3
2021-07-29 02:30:00+00:00,2021,Los Angeles FC,Minnesota United,2,2
2021-07-30 23:30:00+00:00,2021,New York City FC,Columbus Crew,4,1
2021-07-31 00:00:00+00:00,2021,Orlando City SC,Atlanta United,3,2
2021-07-31 02:00:00+00:00,2021,LA Galaxy,Portland Timbers,4,1
2021-07-31 21:00:00+00:00,2021,Seattle Sounders FC,San Jose Earthquakes,0,1
2021-07-31 22:00:00+00:00,2021,New York Red Bulls,New England Revolution,2,3
2021-07-31 23:30:00+00:00,2021,FC Cincinnati,DC United,0,0
2021-08-01 00:00:00+00:00,2021,Inter Miami CF,CF Montréal,2,1
2021-08-01 00:30:00+00:00,2021,Sporting Kansas City,FC Dallas,1,2
2021-08-01 00:30:00+00:00,2021,Houston Dynamo,Real Salt Lake,0,0
2021-08-01 01:00:00+00:00,2021,Austin FC,Colorado Rapids,0,1
2021-08-01 02:00:00+00:00,2021,Vancouver Whitecaps,Minnesota United,2,2
2021-08-01 22:00:00+00:00,2021,Philadelphia Union,Chicago Fire,1,1
2021-08-01 23:30:00+00:00,2021,Toronto FC,Nashville SC,1,1
2021-08-04 23:00:00+00:00,2021,New England Revolution,Nashville SC,0,0
2021-08-04 23:30:00+00:00,2021,Columbus Crew,DC United,2,4
2021-08-04 23:30:00+00:00,2021,CF Montréal,Atlanta United,2,2
2021-08-04 23:30:00+00:00,2021,Philadelphia Union,Toronto FC,3,0
2021-08-05 00:00:00+00:00,2021,Chicago Fire,New York City FC,0,0
2021-08-05 00:00:00+00:00,2021,Orlando City SC,Inter Miami CF,1,1
2021-08-05 00:00:00+00:00,2021,New York Red Bulls,FC Cincinnati,0,0
2021-08-05 01:00:00+00:00,2021,Austin FC,Houston Dynamo,3,2
2021-08-05 02:00:00+00:00,2021,Seattle Sounders FC,FC Dallas,1,1
2021-08-05 02:30:00+00:00,2021,Portland Timbers,San Jose Earthquakes,1,1
2021-08-05 02:30:00+00:00,2021,Los Angeles FC,Sporting Kansas City,1,4
2021-08-05 02:30:00+00:00,2021,LA Galaxy,Real Salt Lake,1,0
2021-08-07 23:30:00+00:00,2021,FC Cincinnati,Orlando City SC,1,1
2021-08-07 23:30:00+00:00,2021,Columbus Crew,Atlanta United,2,3
2021-08-08 00:00:00+00:00,2021,Minnesota United,Houston Dynamo,2,0
2021-08-08 00:00:00+00:00,2021,Toronto FC,New York City FC,2,2
2021-08-08 00:30:00+00:00,2021,FC Dallas,Austin FC,2,0
2021-08-08 01:00:00+00:00,2021,Colorado Rapids,Sporting Kansas City,0,0
2021-08-08 02:30:00+00:00,2021,Portland Timbers,Real Salt Lake,3,2
2021-08-08 22:00:00+00:00,2021,Inter Miami CF,Nashville SC,2,1
2021-08-08 22:00:00+00:00,2021,New England Revolution,Philadelphia Union,2,1
2021-08-08 22:00:00+00:00,2021,Chicago Fire,New York Red Bulls,2,1
2021-08-08 23:00:00+00:00,2021,San Jose Earthquakes,Los Angeles FC,2,1
2021-08-09 00:00:00+00:00,2021,LA Galaxy,Vancouver Whitecaps,1,1
2021-08-09 00:00:00+00:00,2021,DC United,CF Montréal,2,1
2021-08-14 02:30:00+00:00,2021,San Jose Earthquakes,Vancouver Whitecaps,0,0
2021-08-14 22:00:00+00:00,2021,Minnesota United,LA Galaxy,0,1
2021-08-15 00:00:00+00:00,2021,New York City FC,Inter Miami CF,2,0
2021-08-15 00:00:00+00:00,2021,CF Montréal,New York Red Bulls,2,1
2021-08-15 00:00:00+00:00,2021,Toronto FC,New England Revolution,1,2
2021-08-15 00:30:00+00:00,2021,Houston Dynamo,Colorado Rapids,1,3
2021-08-15 00:30:00+00:00,2021,FC Dallas,Sporting Kansas City,0,2
2021-08-15 02:00:00+00:00,2021,Real Salt Lake,Austin FC,1,0
2021-08-15 20:00:00+00:00,2021,Atlanta United,Los Angeles FC,1,0
2021-08-15 22:00:00+00:00,2021,Chicago Fire,Columbus Crew,1,0
2021-08-15 23:00:00+00:00,2021,Nashville SC,DC United,5,2
2021-08-16 02:00:00+00:00,2021,Portland Timbers,Seattle Sounders FC,2,6
2021-08-18 02:30:00+00:00,2021,LA Galaxy,Colorado Rapids,1,2
2021-08-18 02:30:00+00:00,2021,San Jose Earthquakes,Minnesota United,1,1
2021-08-18 23:00:00+00:00,2021,New England Revolution,DC United,3,2
2021-08-18 23:00:00+00:00,2021,Atlanta United,Toronto FC,1,0
2021-08-18 23:30:00+00:00,2021,Inter Miami CF,Chicago Fire,3,2
2021-08-18 23:30:00+00:00,2021,Philadelphia Union,New York City FC,1,0
2021-08-18 23:30:00+00:00,2021,FC Cincinnati,CF Montréal,0,0
2021-08-19 00:00:00+00:00,2021,New York Red Bulls,Columbus Crew,1,0
2021-08-19 00:30:00+00:00,2021,FC Dallas,Seattle Sounders FC,0,1
2021-08-19 00:30:00+00:00,2021,Nashville SC,Orlando City SC,1,1
2021-08-19 00:30:00+00:00,2021,Sporting Kansas City,Portland Timbers,1,1
2021-08-19 01:00:00+00:00,2021,Austin FC,Vancouver Whitecaps,1,2
2021-08-19 02:00:00+00:00,2021,Real Salt Lake,Houston Dynamo,2,1
2021-08-21 02:30:00+00:00,2021,LA Galaxy,San Jose Earthquakes,1,2
2021-08-21 19:30:00+00:00,2021,Minnesota United,Sporting Kansas City,0,0
2021-08-21 21:30:00+00:00,2021,Columbus Crew,Seattle Sounders FC,1,2
2021-08-22 00:00:00+00:00,2021,Orlando City SC,Chicago Fire,1,0
2021-08-22 00:00:00+00:00,2021,Philadelphia Union,CF Montréal,1,1
2021-08-22 00:00:00+00:00,2021,Inter Miami CF,Toronto FC,3,1
2021-08-22 00:00:00+00:00,2021,New England Revolution,FC Cincinnati,4,1
2021-08-22 00:00:00+00:00,2021,DC United,Atlanta United,1,2
2021-08-22 00:30:00+00:00,2021,Houston Dynamo,FC Dallas,2,2
2021-08-22 01:00:00+00:00,2021,Colorado Rapids,Real Salt Lake,2,1
2021-08-22 01:00:00+00:00,2021,Austin FC,Portland Timbers,3,1
2021-08-22 02:00:00+00:00,2021,Vancouver Whitecaps,Los Angeles FC,2,1
2021-08-27 22:30:00+00:00,2021,Columbus Crew,FC Cincinnati,3,2
2021-08-27 23:30:00+00:00,2021,CF Montréal,Toronto FC,3,1
2021-08-28 00:30:00+00:00,2021,Orlando City SC,Inter Miami CF,0,0
2021-08-28 19:30:00+00:00,2021,Atlanta United,Nashville SC,0,2
2021-08-28 22:00:00+00:00,2021,New York Red Bulls,Chicago Fire,0,1
2021-08-28 23:00:00+00:00,2021,Los Angeles FC,LA Galaxy,3,3
2021-08-28 23:30:00+00:00,2021,New York City FC,New England Revolution,2,0
2021-08-29 00:00:00+00:00,2021,DC United,Philadelphia Union,3,1
2021-08-29 01:00:00+00:00,2021,Sporting Kansas City,Colorado Rapids,1,1
2021-08-29 01:00:00+00:00,2021,Houston Dynamo,Minnesota United,1,2
2021-08-30 00:00:00+00:00,2021,Austin FC,FC Dallas,3,5
2021-08-30 02:00:00+00:00,2021,Vancouver Whitecaps,Real Salt Lake,4,1
2021-08-30 02:30:00+00:00,2021,Seattle Sounders FC,Portland Timbers,0,2
2021-09-03 23:30:00+00:00,2021,Philadelphia Union,New England Revolution,0,1
2021-09-03 23:30:00+00:00,2021,Nashville SC,New York City FC,3,1
2021-09-04 00:00:00+00:00,2021,Houston Dynamo,Portland Timbers,0,2
2021-09-04 02:00:00+00:00,2021,Los Angeles FC,Sporting Kansas City,4,0
2021-09-04 23:00:00+00:00,2021,Vancouver Whitecaps,Austin FC,2,1
2021-09-04 23:30:00+00:00,2021,Orlando City SC,Columbus Crew,3,2
2021-09-05 00:00:00+00:00,2021,Real Salt Lake,FC Dallas,3,2
2021-09-05 00:00:00+00:00,2021,FC Cincinnati,Inter Miami CF,0,1
2021-09-05 02:00:00+00:00,2021,San Jose Earthquakes,Colorado Rapids,0,1
2021-09-10 23:00:00+00:00,2021,Atlanta United,Orlando City SC,3,0
2021-09-11 02:00:00+00:00,2021,Vancouver Whitecaps,Portland Timbers,0,1
2021-09-11 19:30:00+00:00,2021,Colorado Rapids,LA Galaxy,1,1
2021-09-11 21:00:00+00:00,2021,Seattle Sounders FC,Minnesota United,1,0
2021-09-11 23:00:00+00:00,2021,New England Revolution,New York City FC,2,1
2021-09-11 23:00:00+00:00,2021,New York Red Bulls,DC United,1,1
2021-09-12 00:00:00+00:00,2021,Inter Miami CF,Columbus Crew,1,0
2021-09-12 00:00:00+00:00,2021,FC Cincinnati,Toronto FC,2,0
2021-09-12 00:00:00+00:00,2021,CF Montréal,Nashville SC,0,1
2021-09-12 00:30:00+00:00,2021,Houston Dynamo,Austin FC,3,0
2021-09-12 00:30:00+00:00,2021,Sporting Kansas City,Chicago Fire,2,0
2021-09-12 00:30:00+00:00,2021,FC Dallas,San Jose Earthquakes,1,1
2021-09-13 02:30:00+00:00,2021,Los Angeles FC,Real Salt Lake,3,2
2021-09-14 23:30:00+00:00,2021,Toronto FC,Inter Miami CF,0,1
2021-09-14 23:30:00+00:00,2021,New York City FC,FC Dallas,3,3
2021-09-14 23:30:00+00:00,2021,Columbus Crew,New York Red Bulls,2,1
2021-09-15 23:00:00+00:00,2021,Atlanta United,FC Cincinnati,4,0
2021-09-15 23:30:00+00:00,2021,Orlando City SC,CF Montréal,2,4
2021-09-15 23:30:00+00:00,2021,DC United,Chicago Fire,3,0
2021-09-16 00:30:00+00:00,2021,Sporting Kansas City,Minnesota United,4,0
2021-09-16 01:00:00+00:00,2021,Austin FC,Los Angeles FC,1,2
2021-09-16 02:00:00+00:00,2021,Portland Timbers,Colorado Rapids,2,2
2021-09-16 02:30:00+00:00,2021,San Jose Earthquakes,Real Salt Lake,3,4
2021-09-16 02:30:00+00:00,2021,LA Galaxy,Houston Dynamo,1,1
2021-09-17 23:00:00+00:00,2021,Inter Miami CF,New York Red Bulls,0,4
2021-09-18 19:30:00+00:00,2021,Atlanta United,DC United,3,2
2021-09-18 23:00:00+00:00,2021,New England Revolution,Columbus Crew,1,1
2021-09-18 23:30:00+00:00,2021,FC Cincinnati,New York City FC,1,2
2021-09-18 23:30:00+00:00,2021,Toronto FC,Nashville SC,2,1
2021-09-19 00:00:00+00:00,2021,Minnesota United,LA Galaxy,3,0
2021-09-19 00:00:00+00:00,2021,Austin FC,San Jose Earthquakes,3,4
2021-09-19 01:30:00+00:00,2021,Real Salt Lake,Seattle Sounders FC,1,0
2021-09-19 01:30:00+00:00,2021,Houston Dynamo,FC Dallas,3,2
2021-09-19 17:00:00+00:00,2021,CF Montréal,Chicago Fire,2,0
2021-09-19 20:00:00+00:00,2021,Philadelphia Union,Orlando City SC,3,1
2021-09-19 23:30:00+00:00,2021,Portland Timbers,Los Angeles FC,2,1
2021-09-20 01:00:00+00:00,2021,Colorado Rapids,Vancouver Whitecaps,1,1
2021-09-22 23:30:00+00:00,2021,Inter Miami CF,Nashville SC,1,5
2021-09-23 00:00:00+00:00,2021,New York Red Bulls,New York City FC,1,1
2021-09-23 00:00:00+00:00,2021,Chicago Fire,New England Revolution,2,3
2021-09-25 19:30:00+00:00,2021,Philadelphia Union,Atlanta United,1,0
2021-09-25 23:00:00+00:00,2021,New England Revolution,Orlando City SC,2,1
2021-09-25 23:30:00+00:00,2021,DC United,FC Cincinnati,4,2
2021-09-25 23:30:00+00:00,2021,Columbus Crew,CF Montréal,2,1
2021-09-26 00:00:00+00:00,2021,Minnesota United,Houston Dynamo,2,0
2021-09-26 00:00:00+00:00,2021,Colorado Rapids,Toronto FC,0,0
2021-09-26 00:00:00+00:00,2021,New York City FC,New York Red Bulls,0,1
2021-09-26 02:00:00+00:00,2021,Vancouver Whitecaps,FC Dallas,1,0
2021-09-26 02:00:00+00:00,2021,San Jose Earthquakes,Los Angeles FC,2,0
2021-09-26 02:30:00+00:00,2021,Portland Timbers,Real Salt Lake,6,1
2021-09-26 17:00:00+00:00,2021,Chicago Fire,Nashville SC,0,0
2021-09-26 23:00:00+00:00,2021,Sporting Kansas City,Seattle Sounders FC,1,2
2021-09-27 01:30:00+00:00,2021,Austin FC,LA Galaxy,2,0
2021-09-29 23:00:00+00:00,2021,Toronto FC,FC Cincinnati,3,2
2021-09-29 23:00:00+00:00,2021,Atlanta United,Inter Miami CF,1,0
2021-09-29 23:30:00+00:00,2021,New York Red Bulls,Philadelphia Union,1,1
2021-09-29 23:30:00+00:00,2021,DC United,Minnesota United,3,1
2021-09-29 23:30:00+00:00,2021,CF Montréal,New England Revolution,1,4
2021-09-30 00:00:00+00:00,2021,FC Dallas,Sporting Kansas City,1,3
2021-09-30 00:00:00+00:00,2021,Chicago Fire,New York City FC,2,0
2021-09-30 00:30:00+00:00,2021,Nashville SC,Orlando City SC,2,2
2021-09-30 01:00:00+00:00,2021,Colorado Rapids,Austin FC,3,0
2021-09-30 01:00:00+00:00,2021,Houston Dynamo,Vancouver Whitecaps,0,0
2021-09-30 01:30:00+00:00,2021,Real Salt Lake,LA Galaxy,2,1
2021-09-30 02:30:00+00:00,2021,San Jose Earthquakes,Seattle Sounders FC,1,3
2021-09-30 02:30:00+00:00,2021,Los Angeles FC,Portland Timbers,1,2
2021-10-02 19:30:00+00:00,2021,Austin FC,Real Salt Lake,2,1
2021-10-02 23:00:00+00:00,2021,CF Montréal,Atlanta United,2,1
2021-10-02 23:30:00+00:00,2021,Orlando City SC,DC United,2,1
2021-10-02 23:30:00+00:00,2021,FC Cincinnati,New York Red Bulls,0,1
2021-10-03 00:00:00+00:00,2021,FC Dallas,Minnesota United,0,0
2021-10-03 02:00:00+00:00,2021,Vancouver Whitecaps,San Jose Earthquakes,3,0
2021-10-03 16:00:00+00:00,2021,New York City FC,Nashville SC,0,0
2021-10-03 20:00:00+00:00,2021,Toronto FC,Chicago Fire,3,1
2021-10-03 20:00:00+00:00,2021,Sporting Kansas City,Houston Dynamo,4,2
2021-10-03 20:00:00+00:00,2021,Philadelphia Union,Columbus Crew,3,0
2021-10-03 21:30:00+00:00,2021,Portland Timbers,Inter Miami CF,1,0
2021-10-04 00:00:00+00:00,2021,LA Galaxy,Los Angeles FC,1,1
2021-10-04 02:00:00+00:00,2021,Seattle Sounders FC,Colorado Rapids,3,0
2021-10-09 22:00:00+00:00,2021,New York Red Bulls,Inter Miami CF,1,0
2021-10-10 00:00:00+00:00,2021,FC Cincinnati,Philadelphia Union,1,2
2021-10-10 01:00:00+00:00,2021,Seattle Sounders FC,Vancouver Whitecaps,4,1
2021-10-10 20:00:00+00:00,2021,Minnesota United,Colorado Rapids,1,3
2021-10-16 17:00:00+00:00,2021,CF Montréal,Philadelphia Union,2,2
2021-10-16 19:30:00+00:00,2021,Los Angeles FC,San Jose Earthquakes,3,1
2021-10-16 22:00:00+00:00,2021,Columbus Crew,Inter Miami CF,4,0
2021-10-16 23:00:00+00:00,2021,New England Revolution,Chicago Fire,2,2
2021-10-16 23:30:00+00:00,2021,FC Cincinnati,Orlando City SC,0,1
2021-10-16 23:30:00+00:00,2021,Toronto FC,Atlanta United,0,2
2021-10-16 23:30:00+00:00,2021,DC United,Nashville SC,0,0
2021-10-17 00:30:00+00:00,2021,Houston Dynamo,Seattle Sounders FC,2,1
2021-10-17 01:00:00+00:00,2021,Austin FC,Minnesota United,0,1
2021-10-17 01:30:00+00:00,2021,Real Salt Lake,Colorado Rapids,3,1
2021-10-17 02:30:00+00:00,2021,LA Galaxy,Portland Timbers,2,1
2021-10-17 17:00:00+00:00,2021,New York Red Bulls,New York City FC,1,0
2021-10-18 02:00:00+00:00,2021,Vancouver Whitecaps,Sporting Kansas City,2,1
2021-10-20 23:30:00+00:00,2021,Orlando City SC,CF Montréal,1,1
2021-10-20 23:30:00+00:00,2021,FC Cincinnati,Chicago Fire,3,4
2021-10-20 23:30:00+00:00,2021,Atlanta United,New York City FC,1,1
2021-10-20 23:30:00+00:00,2021,DC United,New England Revolution,2,3
2021-10-20 23:30:00+00:00,2021,Inter Miami CF,Toronto FC,3,0
2021-10-21 00:00:00+00:00,2021,Minnesota United,Philadelphia Union,3,2
2021-10-21 00:00:00+00:00,2021,FC Dallas,Los Angeles FC,2,3
2021-10-21 00:30:00+00:00,2021,Nashville SC,Columbus Crew,1,1
2021-10-21 00:30:00+00:00,2021,Houston Dynamo,LA Galaxy,0,3
2021-10-21 01:00:00+00:00,2021,Colorado Rapids,Seattle Sounders FC,1,1
2021-10-21 02:00:00+00:00,2021,Portland Timbers,Vancouver Whitecaps,2,3
2021-10-21 02:30:00+00:00,2021,San Jose Earthquakes,Austin FC,4,0
2021-10-23 19:30:00+00:00,2021,Seattle Sounders FC,Sporting Kansas City,1,2
2021-10-23 22:00:00+00:00,2021,Columbus Crew,New York Red Bulls,1,2
2021-10-23 23:30:00+00:00,2021,New York City FC,DC United,6,0
2021-10-23 23:30:00+00:00,2021,Philadelphia Union,Nashville SC,1,0
2021-10-23 23:30:00+00:00,2021,Toronto FC,CF Montréal,1,1
2021-10-24 00:00:00+00:00,2021,Inter Miami CF,FC Cincinnati,5,1
2021-10-24 00:00:00+00:00,2021,Minnesota United,Los Angeles FC,1,1
2021-10-24 00:00:00+00:00,2021,Chicago Fire,Real Salt Lake,1,0
2021-10-24 01:00:00+00:00,2021,Colorado Rapids,Portland Timbers,2,0
2021-10-24 02:00:00+00:00,2021,LA Galaxy,FC Dallas,2,2
2021-10-24 02:00:00+00:00,2021,San Jose Earthquakes,Vancouver Whitecaps,1,1
2021-10-24 21:00:00+00:00,2021,Austin FC,Houston Dynamo,2,1
2021-10-24 23:30:00+00:00,2021,Orlando City SC,New England Revolution,2,2
2021-10-27 02:30:00+00:00,2021,Los Angeles FC,Seattle Sounders FC,3,0
2021-10-27 23:00:00+00:00,2021,New England Revolution,Colorado Rapids,1,0
2021-10-27 23:30:00+00:00,2021,Toronto FC,Philadelphia Union,2,2
2021-10-27 23:30:00+00:00,2021,DC United,New York Red Bulls,1,0
2021-10-27 23:30:00+00:00,2021,New York City FC,Chicago Fire,1,0
2021-10-27 23:30:00+00:00,2021,Columbus Crew,Orlando City SC,3,2
2021-10-27 23:30:00+00:00,2021,Atlanta United,Inter Miami CF,2,1
2021-10-27 23:30:00+00:00,2021,FC Cincinnati,Nashville SC,3,6
2021-10-28 00:00:00+00:00,2021,FC Dallas,Real Salt Lake,1,2
2021-10-28 00:30:00+00:00,2021,Sporting Kansas City,LA Galaxy,2,0
2021-10-28 02:00:00+00:00,2021,Portland Timbers,San Jose Earthquakes,2,0
2021-10-28 02:00:00+00:00,2021,Vancouver Whitecaps,Minnesota United,2,1
2021-10-30 17:30:00+00:00,2021,Inter Miami CF,New York City FC,1,3
2021-10-30 19:30:00+00:00,2021,Real Salt Lake,San Jose Earthquakes,3,4
2021-10-30 20:00:00+00:00,2021,New York Red Bulls,CF Montréal,1,0
2021-10-30 22:00:00+00:00,2021,Atlanta United,Toronto FC,1,1
2021-10-30 23:30:00+00:00,2021,DC United,Columbus Crew,1,3
2021-10-31 00:00:00+00:00,2021,FC Dallas,Austin FC,2,1
2021-10-31 17:00:00+00:00,2021,Minnesota United,Sporting Kansas City,2,1
2021-10-31 19:00:00+00:00,2021,Houston Dynamo,Colorado Rapids,0,1
2021-10-31 20:00:00+00:00,2021,Orlando City SC,Nashville SC,1,1
2021-10-31 23:30:00+00:00,2021,Philadelphia Union,FC Cincinnati,2,0
2021-11-02 02:00:00+00:00,2021,Seattle Sounders FC,LA Galaxy,1,1
2021-11-03 02:30:00+00:00,2021,Los Angeles FC,Vancouver Whitecaps,1,1
2021-11-03 23:30:00+00:00,2021,New York Red Bulls,Atlanta United,0,0
2021-11-03 23:30:00+00:00,2021,CF Montréal,Houston Dynamo,2,0
2021-11-04 01:00:00+00:00,2021,Austin FC,Sporting Kansas City,3,1
2021-11-04 02:30:00+00:00,2021,Real Salt Lake,Portland Timbers,1,3
2021-11-07 20:30:00+00:00,2021,Columbus Crew,Chicago Fire,2,0
2021-11-07 20:30:00+00:00,2021,New England Revolution,Inter Miami CF,0,1
2021-11-07 20:30:00+00:00,2021,New York City FC,Philadelphia Union,1,1
2021-11-07 20:30:00+00:00,2021,Nashville SC,New York Red Bulls,1,1
2021-11-07 20:30:00+00:00,2021,Toronto FC,DC United,1,3
2021-11-07 20:30:00+00:00,2021,FC Cincinnati,Atlanta United,1,2
2021-11-07 20:30:00+00:00,2021,CF Montréal,Orlando City SC,0,2
2021-11-07 23:00:00+00:00,2021,LA Galaxy,Minnesota United,3,3
2021-11-07 23:00:00+00:00,2021,Portland Timbers,Austin FC,3,0
2021-11-07 23:00:00+00:00,2021,Vancouver Whitecaps,Seattle Sounders FC,1,1
2021-11-07 23:00:00+00:00,2021,San Jose Earthquakes,FC Dallas,1,1
2021-11-07 23:00:00+00:00,2021,Sporting Kansas City,Real Salt Lake,0,1
2021-11-07 23:00:00+00:00,2021,Colorado Rapids,Los Angeles FC,5,2
2021-11-20 19:30:00+00:00,2021,Philadelphia Union,New York Red Bulls,0,0
2021-11-20 22:00:00+00:00,2021,Sporting Kansas City,Vancouver Whitecaps,3,1
2021-11-21 20:00:00+00:00,2021,New York City FC,Atlanta United,2,0
2021-11-21 22:30:00+00:00,2021,Portland Timbers,Minnesota United,3,1
2021-11-24 01:00:00+00:00,2021,Nashville SC,Orlando City SC,3,1
2021-11-24 03:30:00+00:00,2021,Seattle Sounders FC,Real Salt Lake,0,0
2021-11-25 21:30:00+00:00,2021,Colorado Rapids,Portland Timbers,0,1
2021-11-28 20:00:00+00:00,2021,Sporting Kansas City,Real Salt Lake,1,2
2021-11-28 22:30:00+00:00,2021,Philadelphia Union,Nashville SC,1,1
2021-12-01 00:30:00+00:00,2021,New England Revolution,New York City FC,1,1
2021-12-04 23:30:00+00:00,2021,Portland Timbers,Real Salt Lake,2,0
2021-12-05 20:00:00+00:00,2021,Philadelphia Union,New York City FC,1,2
2021-12-11 20:00:00+00:00,2021,Portland Timbers,New York City FC,1,1
2022-02-26 18:00:00+00:00,2022,Philadelphia Union,Minnesota United,1,1
2022-02-26 20:30:00+00:00,2022,Los Angeles FC,Colorado Rapids,3,0
2022-02-26 20:30:00+00:00,2022,Columbus Crew,Vancouver Whitecaps,4,0
2022-02-26 22:30:00+00:00,2022,FC Dallas,Toronto FC,1,1
2022-02-26 23:00:00+00:00,2022,San Jose Earthquakes,New York Red Bulls,1,3
2022-02-26 23:00:00+00:00,2022,Inter Miami CF,Chicago Fire,0,0
2022-02-26 23:00:00+00:00,2022,Austin FC,FC Cincinnati,5,0
2022-02-26 23:00:00+00:00,2022,DC United,Charlotte FC,3,0
2022-02-27 00:30:00+00:00,2022,Portland Timbers,New England Revolution,2,2
2022-02-27 18:00:00+00:00,2022,Orlando City SC,CF Montréal,2,0
2022-02-27 20:00:00+00:00,2022,Atlanta United,Sporting Kansas City,3,1
2022-02-27 22:00:00+00:00,2022,LA Galaxy,New York City FC,1,0
2022-02-28 00:00:00+00:00,2022,Houston Dynamo,Real Salt Lake,0,0
2022-02-28 01:00:00+00:00,2022,Seattle Sounders FC,Nashville SC,0,1
2022-03-05 18:30:00+00:00,2022,New England Revolution,FC Dallas,1,0
2022-03-05 19:00:00+00:00,2022,Toronto FC,New York Red Bulls,1,4
2022-03-05 20:30:00+00:00,2022,Sporting Kansas City,Houston Dynamo,1,0
2022-03-05 21:00:00+00:00,2022,CF Montréal,Philadelphia Union,1,2
2022-03-05 22:30:00+00:00,2022,San Jose Earthquakes,Columbus Crew,3,3
2022-03-05 23:00:00+00:00,2022,Vancouver Whitecaps,New York City FC,0,0
2022-03-05 23:00:00+00:00,2022,Real Salt Lake,Seattle Sounders FC,1,0
2022-03-05 23:00:00+00:00,2022,Colorado Rapids,Atlanta United,3,0
2022-03-05 23:00:00+00:00,2022,Minnesota United,Nashville SC,1,1
2022-03-05 23:00:00+00:00,2022,Chicago Fire,Orlando City SC,0,0
2022-03-05 23:00:00+00:00,2022,FC Cincinnati,DC United,0,1
2022-03-06 00:30:00+00:00,2022,Charlotte FC,LA Galaxy,0,1
2022-03-06 21:00:00+00:00,2022,Austin FC,Inter Miami CF,5,1
2022-03-07 03:00:00+00:00,2022,Los Angeles FC,Portland Timbers,1,1
2022-03-12 18:00:00+00:00,2022,New York City FC,CF Montréal,4,1
2022-03-12 18:30:00+00:00,2022,Columbus Crew,Toronto FC,2,1
2022-03-12 18:30:00+00:00,2022,Inter Miami CF,Los Angeles FC,0,2
2022-03-12 20:30:00+00:00,2022,Seattle Sounders FC,LA Galaxy,3,2
2022-03-12 23:30:00+00:00,2022,Houston Dynamo,Vancouver Whitecaps,2,1
2022-03-13 00:30:00+00:00,2022,Philadelphia Union,San Jose Earthquakes,2,0
2022-03-13 00:30:00+00:00,2022,Orlando City SC,FC Cincinnati,1,2
2022-03-13 00:30:00+00:00,2022,DC United,Chicago Fire,0,2
2022-03-13 00:30:00+00:00,2022,New England Revolution,Real Salt Lake,2,3
2022-03-13 01:30:00+00:00,2022,FC Dallas,Nashville SC,2,0
2022-03-13 02:00:00+00:00,2022,Colorado Rapids,Sporting Kansas City,2,0
2022-03-13 03:00:00+00:00,2022,Portland Timbers,Austin FC,1,0
2022-03-13 20:30:00+00:00,2022,Atlanta United,Charlotte FC,2,1
2022-03-13 23:00:00+00:00,2022,New York Red Bulls,Minnesota United,0,1
2022-03-19 17:00:00+00:00,2022,FC Cincinnati,Inter Miami CF,3,1
2022-03-19 17:00:00+00:00,2022,New York City FC,Philadelphia Union,0,2
2022-03-19 19:00:00+00:00,2022,Toronto FC,DC United,2,1
2022-03-19 19:30:00+00:00,2022,LA Galaxy,Orlando City SC,0,1
2022-03-19 20:00:00+00:00,2022,Atlanta United,CF Montréal,3,3
2022-03-19 22:00:00+00:00,2022,Chicago Fire,Sporting Kansas City,3,1
2022-03-19 23:00:00+00:00,2022,Charlotte FC,New England Revolution,3,1
2022-03-20 00:00:00+00:00,2022,Minnesota United,San Jose Earthquakes,1,0
2022-03-20 00:30:00+00:00,2022,Houston Dynamo,Colorado Rapids,1,1
2022-03-20 00:30:00+00:00,2022,FC Dallas,Portland Timbers,4,1
2022-03-20 01:30:00+00:00,2022,Real Salt Lake,Nashville SC,2,1
2022-03-20 18:00:00+00:00,2022,New York Red Bulls,Columbus Crew,1,1
2022-03-20 20:30:00+00:00,2022,Austin FC,Seattle Sounders FC,1,1
2022-03-21 02:00:00+00:00,2022,Los Angeles FC,Vancouver Whitecaps,3,1
2022-03-26 21:00:00+00:00,2022,Charlotte FC,FC Cincinnati,2,0
2022-03-26 23:00:00+00:00,2022,Sporting Kansas City,Real Salt Lake,1,0
2022-03-27 20:00:00+00:00,2022,Portland Timbers,Orlando City SC,1,1
2022-04-02 19:30:00+00:00,2022,Chicago Fire,FC Dallas,0,0
2022-04-02 20:00:00+00:00,2022,FC Cincinnati,CF Montréal,3,4
2022-04-02 20:00:00+00:00,2022,Toronto FC,New York City FC,2,1
2022-04-02 22:00:00+00:00,2022,Columbus Crew,Nashville SC,0,1
2022-04-02 23:30:00+00:00,2022,DC United,Atlanta United,0,1
2022-04-02 23:30:00+00:00,2022,Orlando City SC,Los Angeles FC,2,4
2022-04-02 23:30:00+00:00,2022,New England Revolution,New York Red Bulls,0,1
2022-04-02 23:30:00+00:00,2022,San Jose Earthquakes,Austin FC,2,2
2022-04-02 23:30:00+00:00,2022,Philadelphia Union,Charlotte FC,2,0
2022-04-03 00:00:00+00:00,2022,Minnesota United,Seattle Sounders FC,1,2
2022-04-03 00:00:00+00:00,2022,Inter Miami CF,Houston Dynamo,1,3
2022-04-03 00:00:00+00:00,2022,Vancouver Whitecaps,Sporting Kansas City,1,0
2022-04-03 01:00:00+00:00,2022,Colorado Rapids,Real Salt Lake,1,1
2022-04-03 20:30:00+00:00,2022,Portland Timbers,LA Galaxy,1,3
2022-04-09 17:00:00+00:00,2022,Orlando City SC,Chicago Fire,1,0
2022-04-09 19:00:00+00:00,2022,Inter Miami CF,New England Revolution,3,2
2022-04-09 20:00:00+00:00,2022,New York Red Bulls,CF Montréal,1,2
2022-04-09 22:00:00+00:00,2022,Philadelphia Union,Columbus Crew,1,0
2022-04-09 23:30:00+00:00,2022,LA Galaxy,Los Angeles FC,2,1
2022-04-10 00:00:00+00:00,2022,Real Salt Lake,Toronto FC,2,2
2022-04-10 00:30:00+00:00,2022,FC Dallas,Colorado Rapids,3,1
2022-04-10 00:30:00+00:00,2022,Sporting Kansas City,Nashville SC,1,2
2022-04-10 00:30:00+00:00,2022,Houston Dynamo,San Jose Earthquakes,4,3
2022-04-10 02:00:00+00:00,2022,Vancouver Whitecaps,Portland Timbers,2,3
2022-04-10 17:30:00+00:00,2022,Charlotte FC,Atlanta United,1,0
2022-04-10 23:30:00+00:00,2022,Austin FC,Minnesota United,1,0
2022-04-16 19:00:00+00:00,2022,CF Montréal,Vancouver Whitecaps,2,1
2022-04-16 19:30:00+00:00,2022,San Jose Earthquakes,Nashville SC,2,2
2022-04-16 22:00:00+00:00,2022,Houston Dynamo,Portland Timbers,0,0
2022-04-16 22:00:00+00:00,2022,Atlanta United,FC Cincinnati,0,0
2022-04-16 23:00:00+00:00,2022,New York Red Bulls,FC Dallas,0,0
2022-04-16 23:30:00+00:00,2022,New England Revolution,Charlotte FC,2,1
2022-04-16 23:30:00+00:00,2022,DC United,Austin FC,2,3
2022-04-16 23:30:00+00:00,2022,Columbus Crew,Orlando City SC,0,2
2022-04-16 23:30:00+00:00,2022,Toronto FC,Philadelphia Union,2,1
2022-04-17 00:00:00+00:00,2022,Minnesota United,Colorado Rapids,3,1
2022-04-17 00:00:00+00:00,2022,Chicago Fire,LA Galaxy,0,0
2022-04-17 02:00:00+00:00,2022,Seattle Sounders FC,Inter Miami CF,0,1
2022-04-17 17:00:00+00:00,2022,New York City FC,Real Salt Lake,6,0
2022-04-17 20:00:00+00:00,2022,Los Angeles FC,Sporting Kansas City,3,1
2022-04-23 19:00:00+00:00,2022,FC Dallas,Houston Dynamo,2,1
2022-04-23 19:00:00+00:00,2022,Philadelphia Union,CF Montréal,1,1
2022-04-23 21:00:00+00:00,2022,Minnesota United,Chicago Fire,3,0
2022-04-23 23:30:00+00:00,2022,DC United,New England Revolution,3,2
2022-04-24 00:30:00+00:00,2022,Austin FC,Vancouver Whitecaps,3,0
2022-04-24 00:30:00+00:00,2022,Sporting Kansas City,Columbus Crew,0,0
2022-04-24 01:00:00+00:00,2022,Colorado Rapids,Charlotte FC,0,0
2022-04-24 02:00:00+00:00,2022,Portland Timbers,Real Salt Lake,0,0
2022-04-24 02:00:00+00:00,2022,San Jose Earthquakes,Seattle Sounders FC,4,3
2022-04-24 02:30:00+00:00,2022,LA Galaxy,Nashville SC,1,0
2022-04-24 17:00:00+00:00,2022,Inter Miami CF,Atlanta United,2,1
2022-04-24 19:30:00+00:00,2022,Orlando City SC,New York Red Bulls,0,3
2022-04-24 21:00:00+00:00,2022,New York City FC,Toronto FC,5,4
2022-04-24 21:00:00+00:00,2022,FC Cincinnati,Los Angeles FC,1,2
2022-04-30 17:30:00+00:00,2022,Houston Dynamo,Austin FC,1,2
2022-04-30 19:00:00+00:00,2022,Toronto FC,FC Cincinnati,1,2
2022-04-30 19:30:00+00:00,2022,Real Salt Lake,LA Galaxy,1,0
2022-04-30 20:00:00+00:00,2022,CF Montréal,Atlanta United,2,1
2022-04-30 23:30:00+00:00,2022,Columbus Crew,DC United,3,0
2022-04-30 23:30:00+00:00,2022,New England Revolution,Inter Miami CF,2,0
2022-04-30 23:30:00+00:00,2022,Orlando City SC,Charlotte FC,2,1
2022-05-01 00:00:00+00:00,2022,Chicago Fire,New York Red Bulls,1,2
2022-05-01 00:30:00+00:00,2022,Sporting Kansas City,FC Dallas,2,2
2022-05-01 01:00:00+00:00,2022,Colorado Rapids,Portland Timbers,2,0
2022-05-01 17:00:00+00:00,2022,New York City FC,San Jose Earthquakes,3,0
2022-05-01 20:00:00+00:00,2022,Nashville SC,Philadelphia Union,1,1
2022-05-02 02:00:00+00:00,2022,Los Angeles FC,Minnesota United,2,0
2022-05-04 23:30:00+00:00,2022,FC Cincinnati,Toronto FC,2,0
2022-05-07 19:30:00+00:00,2022,Charlotte FC,Inter Miami CF,1,0
2022-05-07 20:00:00+00:00,2022,CF Montréal,Orlando City SC,4,1
2022-05-07 22:00:00+00:00,2022,Atlanta United,Chicago Fire,4,1
2022-05-07 23:00:00+00:00,2022,New York Red Bulls,Portland Timbers,1,1
2022-05-07 23:00:00+00:00,2022,New York City FC,Sporting Kansas City,0,0
2022-05-07 23:30:00+00:00,2022,DC United,Houston Dynamo,2,0
2022-05-07 23:30:00+00:00,2022,New England Revolution,Columbus Crew,2,2
2022-05-08 00:00:00+00:00,2022,Minnesota United,FC Cincinnati,0,1
2022-05-08 00:30:00+00:00,2022,FC Dallas,Seattle Sounders FC,2,0
2022-05-08 02:00:00+00:00,2022,San Jose Earthquakes,Colorado Rapids,1,0
2022-05-08 03:00:00+00:00,2022,Los Angeles FC,Philadelphia Union,2,2
2022-05-08 20:00:00+00:00,2022,Vancouver Whitecaps,Toronto FC,1,0
2022-05-08 21:00:00+00:00,2022,Nashville SC,Real Salt Lake,2,0
2022-05-08 23:25:00+00:00,2022,Austin FC,LA Galaxy,0,1
2022-05-14 19:00:00+00:00,2022,Toronto FC,Orlando City SC,0,1
2022-05-14 19:30:00+00:00,2022,Colorado Rapids,Los Angeles FC,2,0
2022-05-14 23:00:00+00:00,2022,New York City FC,Columbus Crew,2,0
2022-05-14 23:00:00+00:00,2022,Charlotte FC,CF Montréal,0,2
2022-05-14 23:00:00+00:00,2022,Vancouver Whitecaps,San Jose Earthquakes,3,3
2022-05-14 23:30:00+00:00,2022,Philadelphia Union,New York Red Bulls,1,1
2022-05-15 00:00:00+00:00,2022,Chicago Fire,FC Cincinnati,1,2
2022-05-15 00:30:00+00:00,2022,Houston Dynamo,Nashville SC,2,0
2022-05-15 01:15:00+00:00,2022,Inter Miami CF,DC United,2,2
2022-05-15 01:30:00+00:00,2022,Real Salt Lake,Austin FC,2,1
2022-05-15 02:00:00+00:00,2022,Portland Timbers,Sporting Kansas City,7,2
2022-05-15 02:30:00+00:00,2022,LA Galaxy,FC Dallas,1,3
2022-05-15 17:30:00+00:00,2022,Atlanta United,New England Revolution,2,2
2022-05-15 20:00:00+00:00,2022,Seattle Sounders FC,Minnesota United,3,1
2022-05-18 23:30:00+00:00,2022,New York Red Bulls,Chicago Fire,3,3
2022-05-18 23:30:00+00:00,2022,DC United,New York City FC,0,2
2022-05-18 23:30:00+00:00,2022,Philadelphia Union,Inter Miami CF,0,0
2022-05-19 00:00:00+00:00,2022,Minnesota United,LA Galaxy,1,1
2022-05-19 00:30:00+00:00,2022,Houston Dynamo,Seattle Sounders FC,0,1
2022-05-19 00:30:00+00:00,2022,Sporting Kansas City,Colorado Rapids,2,1
2022-05-19 00:30:00+00:00,2022,Nashville SC,CF Montréal,2,1
2022-05-19 02:00:00+00:00,2022,Vancouver Whitecaps,FC Dallas,2,1
2022-05-19 02:30:00+00:00,2022,Los Angeles FC,Austin FC,1,2
2022-05-19 02:30:00+00:00,2022,San Jose Earthquakes,Portland Timbers,3,2
2022-05-21 19:30:00+00:00,2022,Columbus Crew,Los Angeles FC,0,2
2022-05-21 22:00:00+00:00,2022,FC Cincinnati,New England Revolution,2,3
2022-05-21 22:30:00+00:00,2022,DC United,Toronto FC,2,2
2022-05-21 23:55:00+00:00,2022,Nashville SC,Atlanta United,2,2
2022-05-22 20:00:00+00:00,2022,CF Montréal,Real Salt Lake,1,2
2022-05-22 21:00:00+00:00,2022,Charlotte FC,Vancouver Whitecaps,2,1
2022-05-22 21:00:00+00:00,2022,New York City FC,Chicago Fire,1,0
2022-05-22 22:00:00+00:00,2022,Inter Miami CF,New York Red Bulls,2,0
2022-05-22 23:00:00+00:00,2022,FC Dallas,Minnesota United,1,2
2022-05-22 23:30:00+00:00,2022,San Jose Earthquakes,Sporting Kansas City,1,1
2022-05-23 00:00:00+00:00,2022,LA Galaxy,Houston Dynamo,0,3
2022-05-23 00:00:00+00:00,2022,Austin FC,Orlando City SC,2,2
2022-05-23 00:00:00+00:00,2022,Colorado Rapids,Seattle Sounders FC,1,0
2022-05-23 02:00:00+00:00,2022,Portland Timbers,Philadelphia Union,0,2
2022-05-28 22:00:00+00:00,2022,Los Angeles FC,San Jose Earthquakes,3,2
2022-05-28 23:00:00+00:00,2022,New York Red Bulls,DC United,4,1
2022-05-28 23:00:00+00:00,2022,Toronto FC,Chicago Fire,3,2
2022-05-28 23:00:00+00:00,2022,Atlanta United,Columbus Crew,1,2
2022-05-28 23:30:00+00:00,2022,CF Montréal,FC Cincinnati,4,3
2022-05-28 23:30:00+00:00,2022,New England Revolution,Philadelphia Union,1,1
2022-05-28 23:30:00+00:00,2022,Orlando City SC,FC Dallas,1,3
2022-05-29 00:00:00+00:00,2022,Minnesota United,New York City FC,0,1
2022-05-29 00:00:00+00:00,2022,Inter Miami CF,Portland Timbers,2,1
2022-05-29 01:00:00+00:00,2022,Colorado Rapids,Nashville SC,1,3
2022-05-29 01:00:00+00:00,2022,Sporting Kansas City,Vancouver Whitecaps,0,1
2022-05-29 01:30:00+00:00,2022,Real Salt Lake,Houston Dynamo,3,0
2022-05-29 22:00:00+00:00,2022,LA Galaxy,Austin FC,4,1
2022-05-30 01:55:00+00:00,2022,Seattle Sounders FC,Charlotte FC,2,1
2022-06-04 23:00:00+00:00,2022,Vancouver Whitecaps,Real Salt Lake,2,1
2022-06-11 19:00:00+00:00,2022,Charlotte FC,New York Red Bulls,2,0
2022-06-12 00:00:00+00:00,2022,Nashville SC,San Jose Earthquakes,0,0
2022-06-12 19:00:00+00:00,2022,Sporting Kansas City,New England Revolution,1,2
2022-06-15 02:30:00+00:00,2022,Seattle Sounders FC,Vancouver Whitecaps,4,0
2022-06-15 23:30:00+00:00,2022,New England Revolution,Orlando City SC,1,1
2022-06-18 19:00:00+00:00,2022,Seattle Sounders FC,Los Angeles FC,1,1
2022-06-18 21:00:00+00:00,2022,LA Galaxy,Portland Timbers,1,1
2022-06-18 23:00:00+00:00,2022,New York Red Bulls,Toronto FC,2,0
2022-06-18 23:30:00+00:00,2022,Philadelphia Union,FC Cincinnati,1,1
2022-06-18 23:30:00+00:00,2022,CF Montréal,Austin FC,0,1
2022-06-18 23:30:00+00:00,2022,Orlando City SC,Houston Dynamo,2,1
2022-06-18 23:30:00+00:00,2022,Columbus Crew,Charlotte FC,1,1
2022-06-19 00:00:00+00:00,2022,Chicago Fire,DC United,1,0
2022-06-19 01:00:00+00:00,2022,FC Dallas,Vancouver Whitecaps,0,2
2022-06-19 01:30:00+00:00,2022,Real Salt Lake,San Jose Earthquakes,2,0
2022-06-19 19:00:00+00:00,2022,Atlanta United,Inter Miami CF,2,0
2022-06-19 21:00:00+00:00,2022,New York City FC,Colorado Rapids,1,1
2022-06-19 21:00:00+00:00,2022,New England Revolution,Minnesota United,2,1
2022-06-19 22:00:00+00:00,2022,Nashville SC,Sporting Kansas City,1,2
2022-06-24 23:30:00+00:00,2022,FC Cincinnati,Orlando City SC,1,0
2022-06-25 19:00:00+00:00,2022,Seattle Sounders FC,Sporting Kansas City,3,0
2022-06-25 21:00:00+00:00,2022,DC United,Nashville SC,1,3
2022-06-25 23:30:00+00:00,2022,Toronto FC,Atlanta United,2,1
2022-06-25 23:30:00+00:00,2022,CF Montréal,Charlotte FC,2,1
2022-06-26 00:00:00+00:00,2022,Houston Dynamo,Chicago Fire,2,0
2022-06-26 00:00:00+00:00,2022,Inter Miami CF,Minnesota United,2,1
2022-06-26 01:00:00+00:00,2022,Austin FC,FC Dallas,2,2
2022-06-26 02:00:00+00:00,2022,Real Salt Lake,Columbus Crew,0,0
2022-06-26 02:30:00+00:00,2022,Portland Timbers,Colorado Rapids,3,0
2022-06-26 19:00:00+00:00,2022,Los Angeles FC,New York Red Bulls,2,0
2022-06-26 22:00:00+00:00,2022,Philadelphia Union,New York City FC,2,1
2022-06-27 00:00:00+00:00,2022,Vancouver Whitecaps,New England Revolution,0,0
2022-06-29 23:30:00+00:00,2022,Toronto FC,Columbus Crew,1,2
2022-06-29 23:30:00+00:00,2022,FC Cincinnati,New York City FC,4,4
2022-06-30 00:00:00+00:00,2022,Chicago Fire,Philadelphia Union,1,0
2022-06-30 02:00:00+00:00,2022,Seattle Sounders FC,CF Montréal,1,2
2022-06-30 02:30:00+00:00,2022,LA Galaxy,Minnesota United,2,3
2022-06-30 02:30:00+00:00,2022,Los Angeles FC,FC Dallas,3,1
2022-06-30 02:30:00+00:00,2022,Portland Timbers,Houston Dynamo,2,1
2022-06-30 23:00:00+00:00,2022,Charlotte FC,Austin FC,0,1
2022-07-01 00:00:00+00:00,2022,New York Red Bulls,Atlanta United,2,1
2022-07-02 23:30:00+00:00,2022,Toronto FC,Seattle Sounders FC,0,2
2022-07-03 02:00:00+00:00,2022,Vancouver Whitecaps,Los Angeles FC,1,0
2022-07-03 21:00:00+00:00,2022,New York City FC,Atlanta United,2,2
2022-07-03 23:30:00+00:00,2022,New England Revolution,FC Cincinnati,2,2
2022-07-03 23:30:00+00:00,2022,Columbus Crew,Philadelphia Union,0,0
2022-07-04 00:00:00+00:00,2022,Sporting Kansas City,New York Red Bulls,0,1
2022-07-04 00:00:00+00:00,2022,Minnesota United,Real Salt Lake,3,2
2022-07-04 00:30:00+00:00,2022,Houston Dynamo,Charlotte FC,1,2
2022-07-04 00:30:00+00:00,2022,Nashville SC,Portland Timbers,2,2
2022-07-04 01:00:00+00:00,2022,San Jose Earthquakes,Chicago Fire,2,1
2022-07-04 23:00:00+00:00,2022,Orlando City SC,DC United,3,5
2022-07-05 01:00:00+00:00,2022,FC Dallas,Inter Miami CF,1,1
2022-07-05 01:00:00+00:00,2022,Colorado Rapids,Austin FC,2,3
2022-07-05 02:30:00+00:00,2022,LA Galaxy,CF Montréal,4,0
2022-07-08 23:30:00+00:00,2022,Philadelphia Union,DC United,7,0
2022-07-09 02:00:00+00:00,2022,Los Angeles FC,LA Galaxy,3,2
2022-07-09 02:30:00+00:00,2022,Vancouver Whitecaps,Minnesota United,1,3
2022-07-09 17:00:00+00:00,2022,New York City FC,New England Revolution,4,2
2022-07-09 20:30:00+00:00,2022,Seattle Sounders FC,Portland Timbers,0,3
2022-07-09 23:00:00+00:00,2022,Charlotte FC,Nashville SC,4,1
2022-07-09 23:00:00+00:00,2022,Atlanta United,Austin FC,0,3
2022-07-09 23:30:00+00:00,2022,FC Cincinnati,New York Red Bulls,1,1
2022-07-09 23:30:00+00:00,2022,Toronto FC,San Jose Earthquakes,2,2
2022-07-09 23:30:00+00:00,2022,CF Montréal,Sporting Kansas City,1,2
2022-07-10 00:00:00+00:00,2022,Chicago Fire,Columbus Crew,2,3
2022-07-10 00:30:00+00:00,2022,Houston Dynamo,FC Dallas,2,2
2022-07-10 02:00:00+00:00,2022,Real Salt Lake,Colorado Rapids,2,2
2022-07-10 02:24:00+00:00,2022,Orlando City SC,Inter Miami CF,1,0
2022-07-13 01:00:00+00:00,2022,Austin FC,Houston Dynamo,3,1
2022-07-13 23:30:00+00:00,2022,Atlanta United,Real Salt Lake,2,1
2022-07-14 00:00:00+00:00,2022,Minnesota United,Sporting Kansas City,1,1
2022-07-14 00:00:00+00:00,2022,Chicago Fire,Toronto FC,2,0
2022-07-14 00:00:00+00:00,2022,Inter Miami CF,Philadelphia Union,1,2
2022-07-14 00:00:00+00:00,2022,FC Cincinnati,Vancouver Whitecaps,2,2
2022-07-14 00:00:00+00:00,2022,DC United,Columbus Crew,2,2
2022-07-14 00:30:00+00:00,2022,Nashville SC,Seattle Sounders FC,1,0
2022-07-14 01:00:00+00:00,2022,Colorado Rapids,Orlando City SC,1,1
2022-07-14 01:00:00+00:00,2022,FC Dallas,New York City FC,0,1
2022-07-14 02:00:00+00:00,2022,LA Galaxy,San Jose Earthquakes,2,3
2022-07-16 23:30:00+00:00,2022,Philadelphia Union,New England Revolution,2,1
2022-07-16 23:30:00+00:00,2022,CF Montréal,Toronto FC,1,0
2022-07-17 00:00:00+00:00,2022,Inter Miami CF,Charlotte FC,3,2
2022-07-17 00:00:00+00:00,2022,Minnesota United,DC United,2,0
2022-07-17 00:00:00+00:00,2022,Chicago Fire,Seattle Sounders FC,1,0
2022-07-17 01:00:00+00:00,2022,Colorado Rapids,LA Galaxy,2,0
2022-07-17 01:00:00+00:00,2022,FC Dallas,Austin FC,1,1
2022-07-17 19:00:00+00:00,2022,Atlanta United,Orlando City SC,1,1
2022-07-17 21:00:00+00:00,2022,New York Red Bulls,New York City FC,0,1
2022-07-17 23:30:00+00:00,2022,Columbus Crew,FC Cincinnati,2,0
2022-07-18 00:30:00+00:00,2022,Nashville SC,Los Angeles FC,1,2
2022-07-18 01:30:00+00:00,2022,Real Salt Lake,Sporting Kansas City,3,0
2022-07-18 01:30:00+00:00,2022,San Jose Earthquakes,Houston Dynamo,1,2
2022-07-18 02:30:00+00:00,2022,Portland Timbers,Vancouver Whitecaps,1,1
2022-07-23 23:00:00+00:00,2022,New York City FC,Inter Miami CF,2,0
2022-07-23 23:30:00+00:00,2022,FC Cincinnati,Nashville SC,1,1
2022-07-23 23:30:00+00:00,2022,Toronto FC,Charlotte FC,4,0
2022-07-23 23:30:00+00:00,2022,Columbus Crew,New England Revolution,0,0
2022-07-23 23:30:00+00:00,2022,Orlando City SC,Philadelphia Union,0,1
2022-07-24 00:00:00+00:00,2022,DC United,CF Montréal,1,2
2022-07-24 00:30:00+00:00,2022,Sporting Kansas City,Los Angeles FC,0,2
2022-07-24 00:30:00+00:00,2022,Houston Dynamo,Minnesota United,1,2
2022-07-24 02:00:00+00:00,2022,Real Salt Lake,FC Dallas,0,1
2022-07-24 02:00:00+00:00,2022,Seattle Sounders FC,Colorado Rapids,2,1
2022-07-24 02:00:00+00:00,2022,Vancouver Whitecaps,Chicago Fire,1,3
2022-07-24 02:30:00+00:00,2022,Portland Timbers,San Jose Earthquakes,2,1
2022-07-25 00:00:00+00:00,2022,Austin FC,New York Red Bulls,3,4
2022-07-25 01:30:00+00:00,2022,LA Galaxy,Atlanta United,2,0
2022-07-30 03:15:00+00:00,2022,Los Angeles FC,Seattle Sounders FC,2,1
2022-07-30 19:00:00+00:00,2022,Minnesota United,Portland Timbers,4,4
2022-07-30 21:00:00+00:00,2022,Chicago Fire,Atlanta United,0,0
2022-07-30 23:30:00+00:00,2022,CF Montréal,New York City FC,0,0
2022-07-30 23:30:00+00:00,2022,Philadelphia Union,Houston Dynamo,6,0
2022-07-31 00:00:00+00:00,2022,Nashville SC,Vancouver Whitecaps,1,1
2022-07-31 00:00:00+00:00,2022,New England Revolution,Toronto FC,0,0
2022-07-31 00:00:00+00:00,2022,Inter Miami CF,FC Cincinnati,4,4
2022-07-31 00:30:00+00:00,2022,Sporting Kansas City,Austin FC,0,2
2022-07-31 01:00:00+00:00,2022,FC Dallas,LA Galaxy,1,0
2022-07-31 02:00:00+00:00,2022,San Jose Earthquakes,Real Salt Lake,2,2
2022-07-31 02:15:00+00:00,2022,Charlotte FC,Columbus Crew,2,2
2022-07-31 21:00:00+00:00,2022,DC United,Orlando City SC,2,1
2022-08-02 23:30:00+00:00,2022,New York Red Bulls,Colorado Rapids,4,5
2022-08-03 02:00:00+00:00,2022,Seattle Sounders FC,FC Dallas,1,0
2022-08-03 23:00:00+00:00,2022,Charlotte FC,DC United,3,0
2022-08-03 23:30:00+00:00,2022,Columbus Crew,CF Montréal,1,2
2022-08-04 02:30:00+00:00,2022,San Jose Earthquakes,Inter Miami CF,0,1
2022-08-04 02:30:00+00:00,2022,Portland Timbers,Nashville SC,1,1
2022-08-06 02:30:00+00:00,2022,Vancouver Whitecaps,Houston Dynamo,2,1
2022-08-06 19:00:00+00:00,2022,Atlanta United,Seattle Sounders FC,2,1
2022-08-06 23:00:00+00:00,2022,Charlotte FC,Chicago Fire,2,3
2022-08-06 23:30:00+00:00,2022,FC Cincinnati,Philadelphia Union,3,1
2022-08-06 23:30:00+00:00,2022,Columbus Crew,New York City FC,3,2
2022-08-06 23:30:00+00:00,2022,Orlando City SC,New England Revolution,0,3
2022-08-06 23:30:00+00:00,2022,CF Montréal,Inter Miami CF,2,2
2022-08-06 23:30:00+00:00,2022,DC United,New York Red Bulls,0,0
2022-08-07 00:00:00+00:00,2022,Nashville SC,Toronto FC,3,4
2022-08-07 00:30:00+00:00,2022,Sporting Kansas City,LA Galaxy,4,2
2022-08-07 01:00:00+00:00,2022,Austin FC,San Jose Earthquakes,3,3
2022-08-07 01:00:00+00:00,2022,Colorado Rapids,Minnesota United,4,3
2022-08-07 02:00:00+00:00,2022,Real Salt Lake,Los Angeles FC,1,4
2022-08-07 02:30:00+00:00,2022,Portland Timbers,FC Dallas,1,1
2022-08-13 22:00:00+00:00,2022,New York Red Bulls,Orlando City SC,0,1
2022-08-13 23:30:00+00:00,2022,Philadelphia Union,Chicago Fire,4,1
2022-08-13 23:30:00+00:00,2022,New England Revolution,DC United,1,0
2022-08-13 23:30:00+00:00,2022,Toronto FC,Portland Timbers,3,1
2022-08-13 23:30:00+00:00,2022,FC Cincinnati,Atlanta United,2,2
2022-08-14 00:00:00+00:00,2022,Inter Miami CF,New York City FC,3,2
2022-08-14 01:00:00+00:00,2022,FC Dallas,San Jose Earthquakes,4,1
2022-08-14 01:00:00+00:00,2022,Austin FC,Sporting Kansas City,4,3
2022-08-14 01:00:00+00:00,2022,Colorado Rapids,Columbus Crew,1,1
2022-08-14 01:00:00+00:00,2022,Houston Dynamo,CF Montréal,2,3
2022-08-14 02:00:00+00:00,2022,LA Galaxy,Vancouver Whitecaps,5,2
2022-08-14 02:30:00+00:00,2022,Los Angeles FC,Charlotte FC,5,0
2022-08-15 01:25:00+00:00,2022,Nashville SC,Minnesota United,1,2
2022-08-15 02:00:00+00:00,2022,Seattle Sounders FC,Real Salt Lake,1,2
2022-08-17 02:30:00+00:00,2022,Los Angeles FC,DC United,1,0
2022-08-17 23:30:00+00:00,2022,Toronto FC,New England Revolution,2,2
2022-08-17 23:30:00+00:00,2022,Atlanta United,New York Red Bulls,1,2
2022-08-18 00:00:00+00:00,2022,New York City FC,Charlotte FC,1,3
2022-08-18 01:00:00+00:00,2022,FC Dallas,Philadelphia Union,1,0
2022-08-18 02:00:00+00:00,2022,Vancouver Whitecaps,Colorado Rapids,2,1
2022-08-20 02:00:00+00:00,2022,LA Galaxy,Seattle Sounders FC,3,3
2022-08-20 22:00:00+00:00,2022,New York Red Bulls,FC Cincinnati,1,1
2022-08-20 23:30:00+00:00,2022,DC United,Philadelphia Union,0,6
2022-08-20 23:30:00+00:00,2022,CF Montréal,New England Revolution,4,0
2022-08-21 00:00:00+00:00,2022,Inter Miami CF,Toronto FC,2,1
2022-08-21 00:00:00+00:00,2022,Minnesota United,Austin FC,2,1
2022-08-21 01:00:00+00:00,2022,Colorado Rapids,Houston Dynamo,1,1
2022-08-21 02:00:00+00:00,2022,San Jose Earthquakes,Los Angeles FC,2,1
2022-08-21 02:00:00+00:00,2022,Real Salt Lake,Vancouver Whitecaps,1,1
2022-08-21 22:00:00+00:00,2022,Chicago Fire,New York City FC,0,2
2022-08-21 22:45:00+00:00,2022,Columbus Crew,Atlanta United,2,2
2022-08-21 23:00:00+00:00,2022,Charlotte FC,Orlando City SC,1,2
2022-08-21 23:55:00+00:00,2022,Sporting Kansas City,Portland Timbers,4,1
2022-08-22 00:30:00+00:00,2022,Nashville SC,FC Dallas,4,0
2022-08-27 00:00:00+00:00,2022,Austin FC,Los Angeles FC,4,1
2022-08-27 02:25:00+00:00,2022,Portland Timbers,Seattle Sounders FC,2,1
2022-08-27 19:50:00+00:00,2022,Minnesota United,Houston Dynamo,2,1
2022-08-27 23:00:00+00:00,2022,New York Red Bulls,Inter Miami CF,3,1
2022-08-27 23:30:00+00:00,2022,FC Cincinnati,Columbus Crew,2,2
2022-08-27 23:30:00+00:00,2022,Philadelphia Union,Colorado Rapids,6,0
2022-08-28 00:00:00+00:00,2022,Chicago Fire,CF Montréal,0,2
2022-08-28 00:10:00+00:00,2022,Charlotte FC,Toronto FC,0,2
2022-08-28 00:30:00+00:00,2022,Sporting Kansas City,San Jose Earthquakes,1,0
2022-08-28 01:00:00+00:00,2022,FC Dallas,Real Salt Lake,1,1
2022-08-28 02:00:00+00:00,2022,Vancouver Whitecaps,Nashville SC,0,3
2022-08-28 20:00:00+00:00,2022,Atlanta United,DC United,3,2
2022-08-28 23:55:00+00:00,2022,Orlando City SC,New York City FC,2,1
2022-08-29 00:00:00+00:00,2022,New England Revolution,LA Galaxy,1,2
2022-08-31 23:00:00+00:00,2022,Philadelphia Union,Atlanta United,4,1
2022-08-31 23:30:00+00:00,2022,Toronto FC,LA Galaxy,2,2
2022-08-31 23:30:00+00:00,2022,New England Revolution,Chicago Fire,0,0
2022-08-31 23:30:00+00:00,2022,Columbus Crew,Inter Miami CF,1,0
2022-08-31 23:30:00+00:00,2022,CF Montréal,New York Red Bulls,0,1
2022-09-01 00:00:00+00:00,2022,New York City FC,DC United,1,2
2022-09-01 00:30:00+00:00,2022,Nashville SC,Colorado Rapids,4,1
2022-09-01 00:30:00+00:00,2022,Houston Dynamo,Los Angeles FC,2,1
2022-09-01 01:20:00+00:00,2022,Orlando City SC,Seattle Sounders FC,3,2
2022-09-01 01:30:00+00:00,2022,Real Salt Lake,Minnesota United,3,0
2022-09-01 02:50:00+00:00,2022,Austin FC,Portland Timbers,1,2
2022-09-03 19:50:00+00:00,2022,Minnesota United,FC Dallas,0,3
2022-09-03 21:30:00+00:00,2022,Columbus Crew,Chicago Fire,0,0
2022-09-03 23:00:00+00:00,2022,New York Red Bulls,Philadelphia Union,0,2
2022-09-03 23:30:00+00:00,2022,FC Cincinnati,Charlotte FC,2,0
2022-09-04 00:30:00+00:00,2022,Nashville SC,Austin FC,3,0
2022-09-04 21:30:00+00:00,2022,Portland Timbers,Atlanta United,2,1
2022-09-04 23:30:00+00:00,2022,Toronto FC,CF Montréal,3,4
2022-09-04 23:30:00+00:00,2022,DC United,Colorado Rapids,0,0
2022-09-05 00:00:00+00:00,2022,LA Galaxy,Sporting Kansas City,2,2
2022-09-05 00:00:00+00:00,2022,New England Revolution,New York City FC,3,0
2022-09-05 01:00:00+00:00,2022,Seattle Sounders FC,Houston Dynamo,2,1
2022-09-05 01:30:00+00:00,2022,San Jose Earthquakes,Vancouver Whitecaps,2,0
2022-09-05 02:30:00+00:00,2022,Los Angeles FC,Real Salt Lake,2,0
2022-09-08 00:00:00+00:00,2022,New York City FC,FC Cincinnati,1,1
2022-09-09 23:30:00+00:00,2022,CF Montréal,Columbus Crew,2,2
2022-09-10 17:00:00+00:00,2022,Charlotte FC,New York City FC,1,0
2022-09-10 19:50:00+00:00,2022,Nashville SC,LA Galaxy,1,1
2022-09-10 22:00:00+00:00,2022,New York Red Bulls,New England Revolution,2,1
2022-09-10 23:30:00+00:00,2022,Atlanta United,Toronto FC,4,2
2022-09-10 23:30:00+00:00,2022,FC Cincinnati,San Jose Earthquakes,6,0
2022-09-10 23:30:00+00:00,2022,Philadelphia Union,Orlando City SC,5,1
2022-09-11 00:00:00+00:00,2022,Seattle Sounders FC,Austin FC,3,0
2022-09-11 00:00:00+00:00,2022,Chicago Fire,Inter Miami CF,3,1
2022-09-11 00:30:00+00:00,2022,FC Dallas,Los Angeles FC,2,1
2022-09-11 00:30:00+00:00,2022,Houston Dynamo,Sporting Kansas City,0,0
2022-09-11 01:30:00+00:00,2022,Real Salt Lake,DC United,0,0
2022-09-11 01:30:00+00:00,2022,Colorado Rapids,Vancouver Whitecaps,3,1
2022-09-11 02:00:00+00:00,2022,Portland Timbers,Minnesota United,1,0
2022-09-13 23:30:00+00:00,2022,CF Montréal,Chicago Fire,3,2
2022-09-14 00:00:00+00:00,2022,Inter Miami CF,Columbus Crew,2,1
2022-09-14 00:00:00+00:00,2022,Minnesota United,Los Angeles FC,1,1
2022-09-14 00:30:00+00:00,2022,Houston Dynamo,New England Revolution,3,1
2022-09-14 00:30:00+00:00,2022,Sporting Kansas City,DC United,3,0
2022-09-14 22:00:00+00:00,2022,Orlando City SC,Atlanta United,0,1
2022-09-15 01:15:00+00:00,2022,Austin FC,Real Salt Lake,3,0
2022-09-15 02:00:00+00:00,2022,Colorado Rapids,San Jose Earthquakes,2,1
2022-09-15 02:00:00+00:00,2022,Vancouver Whitecaps,LA Galaxy,3,0
2022-09-17 17:00:00+00:00,2022,New York City FC,New York Red Bulls,2,0
2022-09-17 19:50:00+00:00,2022,Atlanta United,Philadelphia Union,0,0
2022-09-17 23:30:00+00:00,2022,Orlando City SC,Toronto FC,4,0
2022-09-17 23:30:00+00:00,2022,New England Revolution,CF Montréal,0,1
2022-09-18 00:00:00+00:00,2022,Chicago Fire,Charlotte FC,2,3
2022-09-18 00:30:00+00:00,2022,Sporting Kansas City,Minnesota United,4,1
2022-09-18 01:00:00+00:00,2022,Austin FC,Nashville SC,1,1
2022-09-18 01:30:00+00:00,2022,Real Salt Lake,FC Cincinnati,1,2
2022-09-18 02:00:00+00:00,2022,Vancouver Whitecaps,Seattle Sounders FC,2,1
2022-09-18 02:30:00+00:00,2022,LA Galaxy,Colorado Rapids,4,1
2022-09-18 02:30:00+00:00,2022,San Jose Earthquakes,FC Dallas,1,1
2022-09-18 17:00:00+00:00,2022,Columbus Crew,Portland Timbers,1,1
2022-09-18 21:00:00+00:00,2022,DC United,Inter Miami CF,2,3
2022-09-19 02:30:00+00:00,2022,Los Angeles FC,Houston Dynamo,3,1
2022-09-25 02:00:00+00:00,2022,San Jose Earthquakes,LA Galaxy,2,3
2022-09-28 02:00:00+00:00,2022,Seattle Sounders FC,FC Cincinnati,1,1
2022-09-30 23:30:00+00:00,2022,Toronto FC,Inter Miami CF,0,1
2022-10-01 17:30:00+00:00,2022,New England Revolution,Atlanta United,2,1
2022-10-01 19:50:00+00:00,2022,Colorado Rapids,FC Dallas,1,0
2022-10-01 21:30:00+00:00,2022,Charlotte FC,Philadelphia Union,4,0
2022-10-01 23:30:00+00:00,2022,FC Cincinnati,Chicago Fire,2,3
2022-10-01 23:30:00+00:00,2022,Columbus Crew,New York Red Bulls,2,1
2022-10-01 23:30:00+00:00,2022,CF Montréal,DC United,1,0
2022-10-02 02:00:00+00:00,2022,San Jose Earthquakes,Minnesota United,2,0
2022-10-02 02:00:00+00:00,2022,Vancouver Whitecaps,Austin FC,2,0
2022-10-02 02:30:00+00:00,2022,LA Galaxy,Real Salt Lake,1,1
2022-10-02 17:00:00+00:00,2022,New York City FC,Orlando City SC,2,1
2022-10-02 19:00:00+00:00,2022,Portland Timbers,Los Angeles FC,1,2
2022-10-02 21:25:00+00:00,2022,Sporting Kansas City,Seattle Sounders FC,1,0
2022-10-03 00:30:00+00:00,2022,Nashville SC,Houston Dynamo,1,2
2022-10-06 00:00:00+00:00,2022,Inter Miami CF,Orlando City SC,4,1
2022-10-09 18:55:00+00:00,2022,Philadelphia Union,Toronto FC,4,0
2022-10-09 18:55:00+00:00,2022,Atlanta United,New York City FC,1,2
2022-10-09 18:55:00+00:00,2022,Chicago Fire,New England Revolution,1,1
2022-10-09 18:55:00+00:00,2022,New York Red Bulls,Charlotte FC,2,0
2022-10-09 18:55:00+00:00,2022,Inter Miami CF,CF Montréal,1,3
2022-10-09 18:55:00+00:00,2022,DC United,FC Cincinnati,2,5
2022-10-09 18:55:00+00:00,2022,Orlando City SC,Columbus Crew,2,1
2022-10-09 21:18:00+00:00,2022,FC Dallas,Sporting Kansas City,2,1
2022-10-09 21:18:00+00:00,2022,Houston Dynamo,LA Galaxy,1,3
2022-10-09 21:18:00+00:00,2022,Seattle Sounders FC,San Jose Earthquakes,2,2
2022-10-09 21:18:00+00:00,2022,Austin FC,Colorado Rapids,1,1
2022-10-09 21:18:00+00:00,2022,Los Angeles FC,Nashville SC,0,1
2022-10-09 21:18:00+00:00,2022,Minnesota United,Vancouver Whitecaps,2,0
2022-10-09 21:18:00+00:00,2022,Real Salt Lake,Portland Timbers,3,1
2022-10-15 16:00:00+00:00,2022,New York Red Bulls,FC Cincinnati,1,2
2022-10-15 19:00:00+00:00,2022,LA Galaxy,Nashville SC,1,0
2022-10-16 19:00:00+00:00,2022,Austin FC,Real Salt Lake,2,2
2022-10-17 00:00:00+00:00,2022,CF Montréal,Orlando City SC,2,0
2022-10-17 23:00:00+00:00,2022,New York City FC,Inter Miami CF,3,0
2022-10-18 01:30:00+00:00,2022,FC Dallas,Minnesota United,1,1
2022-10-21 00:00:00+00:00,2022,Philadelphia Union,FC Cincinnati,1,0
2022-10-21 02:00:00+00:00,2022,Los Angeles FC,LA Galaxy,3,2
2022-10-23 17:00:00+00:00,2022,CF Montréal,New York City FC,1,3
2022-10-24 00:00:00+00:00,2022,Austin FC,FC Dallas,2,1
2022-10-30 19:00:00+00:00,2022,Los Angeles FC,Austin FC,3,0
2022-10-31 00:00:00+00:00,2022,Philadelphia Union,New York City FC,3,1
2022-11-05 20:00:00+00:00,2022,Los Angeles FC,Philadelphia Union,2,2
2023-02-25 21:30:00+00:00,2023,Nashville SC,New York City FC,2,0
2023-02-26 00:30:00+00:00,2023,Atlanta United,San Jose Earthquakes,2,1
2023-02-26 00:30:00+00:00,2023,Charlotte FC,New England Revolution,0,1
2023-02-26 00:30:00+00:00,2023,FC Cincinnati,Houston Dynamo,2,1
2023-02-26 00:30:00+00:00,2023,DC United,Toronto FC,3,2
2023-02-26 00:30:00+00:00,2023,Inter Miami CF,CF Montréal,2,0
2023-02-26 00:30:00+00:00,2023,Orlando City SC,New York Red Bulls,1,0
2023-02-26 00:30:00+00:00,2023,Philadelphia Union,Columbus Crew,4,1
2023-02-26 01:30:00+00:00,2023,Austin FC,St.Louis City,2,3
2023-02-26 01:30:00+00:00,2023,FC Dallas,Minnesota United,0,1
2023-02-26 03:30:00+00:00,2023,Vancouver Whitecaps,Real Salt Lake,1,2
2023-02-27 01:00:00+00:00,2023,Seattle Sounders FC,Colorado Rapids,4,0
2023-02-28 03:00:00+00:00,2023,Portland Timbers,Sporting Kansas City,1,0
2023-03-04 21:30:00+00:00,2023,Los Angeles FC,Portland Timbers,3,2
2023-03-05 00:30:00+00:00,2023,Atlanta United,Toronto FC,1,1
2023-03-05 00:30:00+00:00,2023,Columbus Crew,DC United,2,0
2023-03-05 00:30:00+00:00,2023,Inter Miami CF,Philadelphia Union,2,0
2023-03-05 00:30:00+00:00,2023,New York Red Bulls,Nashville SC,0,0
2023-03-05 00:30:00+00:00,2023,New England Revolution,Houston Dynamo,3,0
2023-03-05 00:30:00+00:00,2023,Orlando City SC,FC Cincinnati,0,0
2023-03-05 01:30:00+00:00,2023,Austin FC,CF Montréal,1,0
2023-03-05 01:30:00+00:00,2023,Chicago Fire,New York City FC,1,1
2023-03-05 01:30:00+00:00,2023,FC Dallas,LA Galaxy,3,1
2023-03-05 01:30:00+00:00,2023,St.Louis City,Charlotte FC,3,1
2023-03-05 02:30:00+00:00,2023,Colorado Rapids,Sporting Kansas City,0,0
2023-03-05 03:30:00+00:00,2023,San Jose Earthquakes,Vancouver Whitecaps,2,1
2023-03-05 03:30:00+00:00,2023,Seattle Sounders FC,Real Salt Lake,2,0
2023-03-11 17:25:00+00:00,2023,Charlotte FC,Atlanta United,0,3
2023-03-11 22:00:00+00:00,2023,Vancouver Whitecaps,FC Dallas,1,1
2023-03-12 00:30:00+00:00,2023,DC United,Orlando City SC,1,1
2023-03-12 00:30:00+00:00,2023,FC Cincinnati,Seattle Sounders FC,1,0
2023-03-12 00:30:00+00:00,2023,New York City FC,Inter Miami CF,1,0
2023-03-12 00:30:00+00:00,2023,Philadelphia Union,Chicago Fire,1,0
2023-03-12 00:30:00+00:00,2023,Toronto FC,Columbus Crew,1,1
2023-03-12 01:30:00+00:00,2023,Sporting Kansas City,LA Galaxy,0,0
2023-03-12 01:30:00+00:00,2023,Minnesota United,New York Red Bulls,1,1
2023-03-12 01:30:00+00:00,2023,Nashville SC,CF Montréal,2,0
2023-03-12 02:30:00+00:00,2023,Real Salt Lake,Austin FC,1,2
2023-03-12 03:30:00+00:00,2023,San Jose Earthquakes,Colorado Rapids,1,0
2023-03-12 03:30:00+00:00,2023,Portland Timbers,St.Louis City,1,2
2023-03-13 02:30:00+00:00,2023,Los Angeles FC,New England Revolution,4,0
2023-03-18 20:00:00+00:00,2023,Seattle Sounders FC,Los Angeles FC,0,0
2023-03-18 23:30:00+00:00,2023,Atlanta United,Portland Timbers,5,1
2023-03-18 23:30:00+00:00,2023,New England Revolution,Nashville SC,1,0
2023-03-18 23:30:00+00:00,2023,CF Montréal,Philadelphia Union,3,2
2023-03-18 23:30:00+00:00,2023,Toronto FC,Inter Miami CF,2,0
2023-03-18 23:30:00+00:00,2023,New York Red Bulls,Columbus Crew,2,1
2023-03-18 23:30:00+00:00,2023,New York City FC,DC United,3,2
2023-03-18 23:30:00+00:00,2023,Orlando City SC,Charlotte FC,1,2
2023-03-19 00:30:00+00:00,2023,Houston Dynamo,Austin FC,2,0
2023-03-19 00:30:00+00:00,2023,FC Dallas,Sporting Kansas City,2,1
2023-03-19 00:30:00+00:00,2023,Chicago Fire,FC Cincinnati,3,3
2023-03-19 00:30:00+00:00,2023,St.Louis City,San Jose Earthquakes,3,0
2023-03-19 01:30:00+00:00,2023,Colorado Rapids,Minnesota United,1,2
2023-03-19 02:30:00+00:00,2023,LA Galaxy,Vancouver Whitecaps,1,1
2023-03-25 20:30:00+00:00,2023,Portland Timbers,LA Galaxy,0,0
2023-03-25 23:30:00+00:00,2023,Charlotte FC,New York Red Bulls,1,1
2023-03-25 23:30:00+00:00,2023,Philadelphia Union,Orlando City SC,1,2
2023-03-25 23:30:00+00:00,2023,DC United,New England Revolution,1,2
2023-03-25 23:30:00+00:00,2023,Columbus Crew,Atlanta United,6,1
2023-03-25 23:30:00+00:00,2023,Inter Miami CF,Chicago Fire,2,3
2023-03-26 00:30:00+00:00,2023,Austin FC,Colorado Rapids,1,1
2023-03-26 00:30:00+00:00,2023,Houston Dynamo,New York City FC,1,0
2023-03-26 00:30:00+00:00,2023,Sporting Kansas City,Seattle Sounders FC,1,4
2023-03-26 00:30:00+00:00,2023,Nashville SC,FC Cincinnati,0,1
2023-03-26 00:30:00+00:00,2023,Minnesota United,Vancouver Whitecaps,1,1
2023-03-26 01:30:00+00:00,2023,Real Salt Lake,St.Louis City,0,4
2023-03-26 02:30:00+00:00,2023,Los Angeles FC,FC Dallas,2,1
2023-03-26 02:30:00+00:00,2023,San Jose Earthquakes,Toronto FC,0,0
2023-04-01 23:30:00+00:00,2023,FC Cincinnati,Inter Miami CF,1,0
2023-04-01 23:30:00+00:00,2023,Atlanta United,New York Red Bulls,1,0
2023-04-01 23:30:00+00:00,2023,Columbus Crew,Real Salt Lake,4,0
2023-04-01 23:30:00+00:00,2023,New England Revolution,New York City FC,1,1
2023-04-01 23:30:00+00:00,2023,LA Galaxy,Seattle Sounders FC,1,2
2023-04-01 23:30:00+00:00,2023,Orlando City SC,Nashville SC,0,2
2023-04-01 23:30:00+00:00,2023,Philadelphia Union,Sporting Kansas City,0,0
2023-04-01 23:30:00+00:00,2023,Toronto FC,Charlotte FC,2,2
2023-04-02 00:30:00+00:00,2023,FC Dallas,Portland Timbers,1,1
2023-04-02 00:30:00+00:00,2023,Chicago Fire,DC United,0,0
2023-04-02 00:30:00+00:00,2023,St.Louis City,Minnesota United,0,1
2023-04-02 01:30:00+00:00,2023,Colorado Rapids,Los Angeles FC,0,0
2023-04-02 02:30:00+00:00,2023,San Jose Earthquakes,Houston Dynamo,2,1
2023-04-02 02:30:00+00:00,2023,Vancouver Whitecaps,CF Montréal,5,0
2023-04-08 23:30:00+00:00,2023,FC Cincinnati,Philadelphia Union,1,0
2023-04-08 23:30:00+00:00,2023,DC United,Columbus Crew,0,2
2023-04-08 23:30:00+00:00,2023,Los Angeles FC,Austin FC,3,0
2023-04-08 23:30:00+00:00,2023,New England Revolution,CF Montréal,4,0
2023-04-08 23:30:00+00:00,2023,Inter Miami CF,FC Dallas,0,1
2023-04-08 23:30:00+00:00,2023,New York Red Bulls,San Jose Earthquakes,1,1
2023-04-08 23:30:00+00:00,2023,New York City FC,Atlanta United,1,1
2023-04-09 00:30:00+00:00,2023,Chicago Fire,Minnesota United,2,1
2023-04-09 00:30:00+00:00,2023,Houston Dynamo,LA Galaxy,3,0
2023-04-09 00:30:00+00:00,2023,Sporting Kansas City,Colorado Rapids,0,1
2023-04-09 00:30:00+00:00,2023,Nashville SC,Toronto FC,0,0
2023-04-09 01:30:00+00:00,2023,Real Salt Lake,Charlotte FC,3,1
2023-04-09 02:30:00+00:00,2023,Seattle Sounders FC,St.Louis City,3,0
2023-04-09 02:30:00+00:00,2023,Vancouver Whitecaps,Portland Timbers,1,0
2023-04-15 23:30:00+00:00,2023,Columbus Crew,New England Revolution,1,1
2023-04-15 23:30:00+00:00,2023,Charlotte FC,Colorado Rapids,2,2
2023-04-15 23:30:00+00:00,2023,CF Montréal,DC United,0,1
2023-04-15 23:30:00+00:00,2023,New York City FC,Nashville SC,2,1
2023-04-15 23:30:00+00:00,2023,New York Red Bulls,Houston Dynamo,1,1
2023-04-15 23:30:00+00:00,2023,Toronto FC,Atlanta United,2,2
2023-04-16 00:30:00+00:00,2023,Austin FC,Vancouver Whitecaps,0,0
2023-04-16 00:30:00+00:00,2023,Chicago Fire,Philadelphia Union,2,2
2023-04-16 00:30:00+00:00,2023,FC Dallas,Real Salt Lake,2,1
2023-04-16 00:30:00+00:00,2023,Minnesota United,Orlando City SC,1,2
2023-04-16 02:30:00+00:00,2023,San Jose Earthquakes,Sporting Kansas City,3,0
2023-04-16 02:30:00+00:00,2023,Portland Timbers,Seattle Sounders FC,4,1
2023-04-16 02:45:00+00:00,2023,St.Louis City,FC Cincinnati,5,1
2023-04-16 20:30:00+00:00,2023,LA Galaxy,Los Angeles FC,2,3
2023-04-22 23:30:00+00:00,2023,Charlotte FC,Columbus Crew,1,0
2023-04-22 23:30:00+00:00,2023,FC Cincinnati,Portland Timbers,2,1
2023-04-22 23:30:00+00:00,2023,CF Montréal,New York Red Bulls,2,0
2023-04-22 23:30:00+00:00,2023,New York City FC,FC Dallas,3,1
2023-04-22 23:30:00+00:00,2023,New England Revolution,Sporting Kansas City,2,1
2023-04-22 23:30:00+00:00,2023,Orlando City SC,DC United,1,3
2023-04-22 23:30:00+00:00,2023,Philadelphia Union,Toronto FC,4,2
2023-04-23 00:30:00+00:00,2023,Houston Dynamo,Inter Miami CF,1,0
2023-04-23 00:30:00+00:00,2023,Nashville SC,Los Angeles FC,1,1
2023-04-23 01:30:00+00:00,2023,Real Salt Lake,San Jose Earthquakes,3,1
2023-04-23 01:30:00+00:00,2023,Colorado Rapids,St.Louis City,1,1
2023-04-23 02:30:00+00:00,2023,Seattle Sounders FC,Minnesota United,1,0
2023-04-23 02:30:00+00:00,2023,LA Galaxy,Austin FC,2,0
2023-04-23 20:30:00+00:00,2023,Atlanta United,Chicago Fire,2,1
2023-04-29 17:30:00+00:00,2023,Nashville SC,Atlanta United,3,1
2023-04-29 23:30:00+00:00,2023,Columbus Crew,Inter Miami CF,1,2
2023-04-29 23:30:00+00:00,2023,DC United,Charlotte FC,3,0
2023-04-29 23:30:00+00:00,2023,New England Revolution,FC Cincinnati,1,1
2023-04-29 23:30:00+00:00,2023,Orlando City SC,LA Galaxy,2,0
2023-04-29 23:30:00+00:00,2023,Toronto FC,New York City FC,1,0
2023-04-30 00:30:00+00:00,2023,Austin FC,San Jose Earthquakes,2,2
2023-04-30 00:30:00+00:00,2023,Chicago Fire,New York Red Bulls,1,1
2023-04-30 00:30:00+00:00,2023,Sporting Kansas City,CF Montréal,0,2
2023-04-30 00:30:00+00:00,2023,St.Louis City,Portland Timbers,1,2
2023-04-30 01:30:00+00:00,2023,Real Salt Lake,Seattle Sounders FC,0,0
2023-04-30 02:30:00+00:00,2023,Vancouver Whitecaps,Colorado Rapids,0,0
2023-05-01 01:00:00+00:00,2023,Minnesota United,FC Dallas,0,0
2023-05-06 23:30:00+00:00,2023,Charlotte FC,New York City FC,3,2
2023-05-06 23:30:00+00:00,2023,CF Montréal,Orlando City SC,2,0
2023-05-06 23:30:00+00:00,2023,FC Cincinnati,DC United,2,1
2023-05-06 23:30:00+00:00,2023,Inter Miami CF,Atlanta United,2,1
2023-05-06 23:30:00+00:00,2023,New York Red Bulls,Philadelphia Union,0,1
2023-05-06 23:30:00+00:00,2023,San Jose Earthquakes,Los Angeles FC,2,1
2023-05-06 23:30:00+00:00,2023,Toronto FC,New England Revolution,0,2
2023-05-07 00:30:00+00:00,2023,Houston Dynamo,Real Salt Lake,0,0
2023-05-07 00:30:00+00:00,2023,Nashville SC,Chicago Fire,3,0
2023-05-07 02:30:00+00:00,2023,LA Galaxy,Colorado Rapids,1,3
2023-05-07 02:30:00+00:00,2023,Vancouver Whitecaps,Minnesota United,3,2
2023-05-07 02:30:00+00:00,2023,Portland Timbers,Austin FC,2,2
2023-05-07 20:30:00+00:00,2023,Seattle Sounders FC,Sporting Kansas City,1,2
2023-05-13 17:00:00+00:00,2023,Chicago Fire,St.Louis City,1,0
2023-05-13 23:30:00+00:00,2023,Atlanta United,Charlotte FC,1,3
2023-05-13 23:30:00+00:00,2023,Columbus Crew,Orlando City SC,2,2
2023-05-13 23:30:00+00:00,2023,DC United,Nashville SC,1,1
2023-05-13 23:30:00+00:00,2023,Inter Miami CF,New England Revolution,2,1
2023-05-13 23:30:00+00:00,2023,CF Montréal,Toronto FC,2,0
2023-05-13 23:30:00+00:00,2023,New York Red Bulls,New York City FC,1,0
2023-05-14 00:30:00+00:00,2023,Austin FC,FC Dallas,0,1
2023-05-14 00:30:00+00:00,2023,Houston Dynamo,Seattle Sounders FC,0,1
2023-05-14 00:30:00+00:00,2023,Sporting Kansas City,Minnesota United,3,0
2023-05-14 01:30:00+00:00,2023,Colorado Rapids,Philadelphia Union,1,2
2023-05-14 01:30:00+00:00,2023,Real Salt Lake,Los Angeles FC,0,3
2023-05-14 02:30:00+00:00,2023,Portland Timbers,Vancouver Whitecaps,3,1
2023-05-15 01:30:00+00:00,2023,LA Galaxy,San Jose Earthquakes,2,1
2023-05-17 23:30:00+00:00,2023,Atlanta United,Colorado Rapids,4,0
2023-05-17 23:30:00+00:00,2023,Charlotte FC,Chicago Fire,2,1
2023-05-17 23:30:00+00:00,2023,FC Cincinnati,CF Montréal,3,0
2023-05-17 23:30:00+00:00,2023,Orlando City SC,New York City FC,1,1
2023-05-17 23:30:00+00:00,2023,Columbus Crew,LA Galaxy,2,0
2023-05-17 23:30:00+00:00,2023,Philadelphia Union,DC United,0,0
2023-05-17 23:30:00+00:00,2023,Toronto FC,New York Red Bulls,0,0
2023-05-18 00:30:00+00:00,2023,FC Dallas,Vancouver Whitecaps,2,1
2023-05-18 00:30:00+00:00,2023,Minnesota United,Houston Dynamo,1,0
2023-05-18 00:30:00+00:00,2023,Nashville SC,Inter Miami CF,2,1
2023-05-18 01:30:00+00:00,2023,Real Salt Lake,Portland Timbers,0,0
2023-05-18 02:30:00+00:00,2023,Los Angeles FC,Sporting Kansas City,1,1
2023-05-18 02:30:00+00:00,2023,Seattle Sounders FC,Austin FC,1,2
2023-05-20 23:30:00+00:00,2023,Charlotte FC,Nashville SC,1,2
2023-05-20 23:30:00+00:00,2023,Inter Miami CF,Orlando City SC,1,3
2023-05-20 23:30:00+00:00,2023,DC United,LA Galaxy,3,0
2023-05-20 23:30:00+00:00,2023,FC Cincinnati,Columbus Crew,3,2
2023-05-20 23:30:00+00:00,2023,New York Red Bulls,CF Montréal,2,1
2023-05-20 23:30:00+00:00,2023,Philadelphia Union,New England Revolution,3,0
2023-05-21 00:30:00+00:00,2023,Austin FC,Toronto FC,1,0
2023-05-21 00:30:00+00:00,2023,Chicago Fire,Atlanta United,3,3
2023-05-21 00:30:00+00:00,2023,FC Dallas,Houston Dynamo,1,1
2023-05-21 01:30:00+00:00,2023,St.Louis City,Sporting Kansas City,4,0
2023-05-21 01:30:00+00:00,2023,Colorado Rapids,Real Salt Lake,2,3
2023-05-21 02:30:00+00:00,2023,Los Angeles FC,San Jose Earthquakes,2,1
2023-05-21 02:30:00+00:00,2023,Portland Timbers,Minnesota United,0,1
2023-05-21 02:30:00+00:00,2023,Vancouver Whitecaps,Seattle Sounders FC,2,0
2023-05-27 23:30:00+00:00,2023,New England Revolution,Chicago Fire,3,3
2023-05-27 23:30:00+00:00,2023,CF Montréal,Inter Miami CF,1,0
2023-05-27 23:30:00+00:00,2023,New York City FC,Philadelphia Union,1,3
2023-05-27 23:30:00+00:00,2023,Orlando City SC,Atlanta United,1,1
2023-05-27 23:30:00+00:00,2023,Toronto FC,DC United,2,1
2023-05-28 00:30:00+00:00,2023,St.Louis City,Vancouver Whitecaps,3,1
2023-05-28 00:30:00+00:00,2023,Houston Dynamo,Austin FC,2,1
2023-05-28 00:30:00+00:00,2023,Minnesota United,Real Salt Lake,1,1
2023-05-28 01:30:00+00:00,2023,Colorado Rapids,FC Cincinnati,0,1
2023-05-28 02:30:00+00:00,2023,LA Galaxy,Charlotte FC,0,1
2023-05-28 02:30:00+00:00,2023,Seattle Sounders FC,New York Red Bulls,1,0
2023-05-28 02:30:00+00:00,2023,San Jose Earthquakes,FC Dallas,1,1
2023-05-28 19:00:00+00:00,2023,Sporting Kansas City,Portland Timbers,4,1
2023-05-29 00:30:00+00:00,2023,Nashville SC,Columbus Crew,3,1
2023-05-31 23:00:00+00:00,2023,Atlanta United,New England Revolution,3,3
2023-05-31 23:30:00+00:00,2023,Columbus Crew,Colorado Rapids,3,2
2023-05-31 23:30:00+00:00,2023,DC United,CF Montréal,2,2
2023-05-31 23:30:00+00:00,2023,Philadelphia Union,Charlotte FC,1,0
2023-05-31 23:30:00+00:00,2023,New York City FC,FC Cincinnati,1,3
2023-05-31 23:30:00+00:00,2023,Inter Miami CF,New York Red Bulls,0,1
2023-05-31 23:30:00+00:00,2023,Toronto FC,Chicago Fire,0,0
2023-06-01 00:30:00+00:00,2023,Sporting Kansas City,FC Dallas,2,1
2023-06-01 00:30:00+00:00,2023,Austin FC,Minnesota United,2,1
2023-06-01 01:30:00+00:00,2023,Real Salt Lake,LA Galaxy,2,3
2023-06-01 02:30:00+00:00,2023,Seattle Sounders FC,San Jose Earthquakes,0,1
2023-06-01 02:30:00+00:00,2023,Vancouver Whitecaps,Houston Dynamo,6,2
2023-06-03 19:30:00+00:00,2023,New York City FC,New England Revolution,0,0
2023-06-03 20:30:00+00:00,2023,Seattle Sounders FC,Portland Timbers,0,0
2023-06-03 23:30:00+00:00,2023,FC Cincinnati,Chicago Fire,1,0
2023-06-03 23:30:00+00:00,2023,Inter Miami CF,DC United,1,2
2023-06-03 23:30:00+00:00,2023,Philadelphia Union,CF Montréal,3,0
2023-06-03 23:30:00+00:00,2023,New York Red Bulls,Orlando City SC,0,3
2023-06-04 00:09:00+00:00,2023,Columbus Crew,Charlotte FC,4,2
2023-06-04 00:30:00+00:00,2023,Austin FC,Real Salt Lake,1,2
2023-06-04 00:30:00+00:00,2023,Minnesota United,Toronto FC,1,1
2023-06-04 00:30:00+00:00,2023,FC Dallas,Nashville SC,1,2
2023-06-04 00:30:00+00:00,2023,St.Louis City,Houston Dynamo,3,0
2023-06-04 01:30:00+00:00,2023,Colorado Rapids,San Jose Earthquakes,0,0
2023-06-04 02:30:00+00:00,2023,Vancouver Whitecaps,Sporting Kansas City,1,1
2023-06-08 00:30:00+00:00,2023,FC Dallas,St.Louis City,2,0
2023-06-08 02:30:00+00:00,2023,Los Angeles FC,Atlanta United,0,0
2023-06-10 23:30:00+00:00,2023,Toronto FC,Nashville SC,1,1
2023-06-10 23:30:00+00:00,2023,Charlotte FC,Seattle Sounders FC,3,3
2023-06-10 23:30:00+00:00,2023,Atlanta United,DC United,3,1
2023-06-10 23:30:00+00:00,2023,New England Revolution,Inter Miami CF,3,1
2023-06-10 23:30:00+00:00,2023,CF Montréal,Minnesota United,4,0
2023-06-11 00:20:00+00:00,2023,Orlando City SC,Colorado Rapids,2,0
2023-06-11 00:30:00+00:00,2023,Chicago Fire,Columbus Crew,1,2
2023-06-11 00:30:00+00:00,2023,Houston Dynamo,Los Angeles FC,4,0
2023-06-11 00:30:00+00:00,2023,Sporting Kansas City,Austin FC,4,1
2023-06-11 01:30:00+00:00,2023,Real Salt Lake,New York City FC,0,0
2023-06-11 02:30:00+00:00,2023,San Jose Earthquakes,Philadelphia Union,2,1
2023-06-11 02:30:00+00:00,2023,Vancouver Whitecaps,FC Cincinnati,1,1
2023-06-11 17:00:00+00:00,2023,St.Louis City,LA Galaxy,1,1
2023-06-12 02:00:00+00:00,2023,Portland Timbers,FC Dallas,1,0
2023-06-15 02:30:00+00:00,2023,Los Angeles FC,Houston Dynamo,0,1
2023-06-17 19:30:00+00:00,2023,New York City FC,Columbus Crew,1,1
2023-06-17 23:30:00+00:00,2023,DC United,Real Salt Lake,1,2
2023-06-17 23:30:00+00:00,2023,New England Revolution,Orlando City SC,3,1
2023-06-18 00:30:00+00:00,2023,Sporting Kansas City,Los Angeles FC,1,2
2023-06-18 00:30:00+00:00,2023,Nashville SC,St.Louis City,3,1
2023-06-18 02:30:00+00:00,2023,San Jose Earthquakes,Portland Timbers,0,0
2023-06-21 23:30:00+00:00,2023,FC Cincinnati,Toronto FC,3,0
2023-06-21 23:30:00+00:00,2023,Atlanta United,New York City FC,2,2
2023-06-21 23:30:00+00:00,2023,New York Red Bulls,Charlotte FC,2,2
2023-06-21 23:30:00+00:00,2023,CF Montréal,Nashville SC,1,0
2023-06-21 23:30:00+00:00,2023,Orlando City SC,Philadelphia Union,2,2
2023-06-22 00:30:00+00:00,2023,Houston Dynamo,San Jose Earthquakes,4,1
2023-06-22 00:30:00+00:00,2023,St.Louis City,Real Salt Lake,1,3
2023-06-22 01:30:00+00:00,2023,Austin FC,FC Dallas,3,0
2023-06-22 02:30:00+00:00,2023,LA Galaxy,Sporting Kansas City,2,2
2023-06-22 02:30:00+00:00,2023,Los Angeles FC,Seattle Sounders FC,1,0
2023-06-22 02:30:00+00:00,2023,Portland Timbers,Chicago Fire,1,2
2023-06-24 23:30:00+00:00,2023,Charlotte FC,CF Montréal,0,0
2023-06-24 23:30:00+00:00,2023,Columbus Crew,Nashville SC,2,0
2023-06-24 23:30:00+00:00,2023,DC United,FC Cincinnati,3,0
2023-06-24 23:30:00+00:00,2023,New England Revolution,Toronto FC,2,1
2023-06-24 23:30:00+00:00,2023,New York Red Bulls,Atlanta United,4,0
2023-06-24 23:30:00+00:00,2023,Philadelphia Union,Inter Miami CF,4,1
2023-06-25 00:30:00+00:00,2023,Sporting Kansas City,Chicago Fire,0,1
2023-06-25 01:30:00+00:00,2023,Austin FC,Houston Dynamo,3,0
2023-06-25 01:30:00+00:00,2023,Colorado Rapids,LA Galaxy,0,0
2023-06-25 01:30:00+00:00,2023,Real Salt Lake,Minnesota United,2,2
2023-06-25 02:30:00+00:00,2023,Los Angeles FC,Vancouver Whitecaps,2,3
2023-06-25 02:30:00+00:00,2023,Portland Timbers,New York City FC,1,1
2023-06-25 02:30:00+00:00,2023,San Jose Earthquakes,St.Louis City,1,2
2023-06-25 02:30:00+00:00,2023,Seattle Sounders FC,Orlando City SC,0,0
2023-07-01 23:30:00+00:00,2023,FC Cincinnati,New England Revolution,2,2
2023-07-01 23:30:00+00:00,2023,Columbus Crew,New York Red Bulls,2,1
2023-07-01 23:30:00+00:00,2023,Inter Miami CF,Austin FC,1,1
2023-07-01 23:30:00+00:00,2023,CF Montréal,New York City FC,0,1
2023-07-01 23:30:00+00:00,2023,Orlando City SC,Chicago Fire,3,1
2023-07-01 23:30:00+00:00,2023,Toronto FC,Real Salt Lake,0,1
2023-07-02 00:30:00+00:00,2023,FC Dallas,Los Angeles FC,2,0
2023-07-02 00:30:00+00:00,2023,Sporting Kansas City,Vancouver Whitecaps,3,0
2023-07-02 00:30:00+00:00,2023,Nashville SC,DC United,2,0
2023-07-02 00:30:00+00:00,2023,Minnesota United,Portland Timbers,4,1
2023-07-02 00:30:00+00:00,2023,St.Louis City,Colorado Rapids,2,0
2023-07-02 02:30:00+00:00,2023,San Jose Earthquakes,LA Galaxy,2,2
2023-07-02 02:30:00+00:00,2023,Seattle Sounders FC,Houston Dynamo,1,0
2023-07-02 20:00:00+00:00,2023,Atlanta United,Philadelphia Union,2,0
2023-07-04 23:30:00+00:00,2023,Orlando City SC,Toronto FC,4,0
2023-07-04 23:30:00+00:00,2023,Inter Miami CF,Columbus Crew,2,2
2023-07-05 00:30:00+00:00,2023,FC Dallas,DC United,0,1
2023-07-05 02:30:00+00:00,2023,LA Galaxy,Los Angeles FC,2,1
2023-07-05 23:30:00+00:00,2023,New York City FC,Charlotte FC,1,1
2023-07-08 23:30:00+00:00,2023,Charlotte FC,FC Cincinnati,2,2
2023-07-08 23:30:00+00:00,2023,Columbus Crew,New York City FC,1,1
2023-07-08 23:30:00+00:00,2023,DC United,Inter Miami CF,2,2
2023-07-08 23:30:00+00:00,2023,CF Montréal,Atlanta United,0,1
2023-07-08 23:30:00+00:00,2023,Toronto FC,St.Louis City,0,1
2023-07-08 23:30:00+00:00,2023,New York Red Bulls,New England Revolution,2,1
2023-07-09 00:30:00+00:00,2023,Houston Dynamo,Sporting Kansas City,2,2
2023-07-09 00:30:00+00:00,2023,Minnesota United,Austin FC,1,4
2023-07-09 00:30:00+00:00,2023,Chicago Fire,Nashville SC,1,0
2023-07-09 01:30:00+00:00,2023,Colorado Rapids,FC Dallas,2,1
2023-07-09 01:30:00+00:00,2023,Real Salt Lake,Orlando City SC,4,0
2023-07-09 02:30:00+00:00,2023,LA Galaxy,Philadelphia Union,3,1
2023-07-09 02:30:00+00:00,2023,Vancouver Whitecaps,Seattle Sounders FC,2,3
2023-07-09 02:30:00+00:00,2023,Los Angeles FC,San Jose Earthquakes,1,1
2023-07-12 23:30:00+00:00,2023,New York Red Bulls,FC Cincinnati,1,2
2023-07-12 23:30:00+00:00,2023,New England Revolution,Atlanta United,2,1
2023-07-13 00:30:00+00:00,2023,Chicago Fire,CF Montréal,3,0
2023-07-13 00:30:00+00:00,2023,Houston Dynamo,Minnesota United,0,3
2023-07-13 00:30:00+00:00,2023,Sporting Kansas City,Real Salt Lake,2,2
2023-07-13 00:30:00+00:00,2023,Nashville SC,Philadelphia Union,0,2
2023-07-13 01:00:00+00:00,2023,Colorado Rapids,Portland Timbers,0,0
2023-07-13 02:30:00+00:00,2023,Los Angeles FC,St.Louis City,3,0
2023-07-13 02:30:00+00:00,2023,Vancouver Whitecaps,Austin FC,2,1
2023-07-13 02:30:00+00:00,2023,San Jose Earthquakes,Seattle Sounders FC,2,0
2023-07-15 23:30:00+00:00,2023,FC Cincinnati,Nashville SC,3,1
2023-07-15 23:30:00+00:00,2023,Atlanta United,Orlando City SC,1,2
2023-07-15 23:30:00+00:00,2023,CF Montréal,Charlotte FC,2,0
2023-07-15 23:30:00+00:00,2023,Philadelphia Union,New York City FC,2,1
2023-07-15 23:30:00+00:00,2023,New England Revolution,DC United,4,0
2023-07-16 00:30:00+00:00,2023,Chicago Fire,Toronto FC,1,0
2023-07-16 00:30:00+00:00,2023,St.Louis City,Inter Miami CF,3,0
2023-07-16 00:30:00+00:00,2023,Minnesota United,Los Angeles FC,1,1
2023-07-16 01:30:00+00:00,2023,Colorado Rapids,Houston Dynamo,0,0
2023-07-16 01:30:00+00:00,2023,Austin FC,Sporting Kansas City,2,1
2023-07-16 01:30:00+00:00,2023,Real Salt Lake,New York Red Bulls,3,1
2023-07-16 02:30:00+00:00,2023,Portland Timbers,Columbus Crew,3,2
2023-07-16 02:30:00+00:00,2023,Seattle Sounders FC,FC Dallas,1,1
2023-07-16 02:30:00+00:00,2023,Vancouver Whitecaps,LA Galaxy,4,2
2023-08-20 23:30:00+00:00,2023,New York Red Bulls,DC United,1,0
2023-08-20 23:30:00+00:00,2023,New York City FC,Minnesota United,0,2
2023-08-20 23:30:00+00:00,2023,Columbus Crew,FC Cincinnati,3,0
2023-08-20 23:30:00+00:00,2023,Toronto FC,CF Montréal,2,3
2023-08-21 00:30:00+00:00,2023,Chicago Fire,Orlando City SC,1,3
2023-08-21 00:30:00+00:00,2023,Houston Dynamo,Portland Timbers,5,0
2023-08-21 01:30:00+00:00,2023,St.Louis City,Austin FC,6,3
2023-08-21 02:30:00+00:00,2023,Seattle Sounders FC,Atlanta United,0,2
2023-08-21 02:30:00+00:00,2023,Vancouver Whitecaps,San Jose Earthquakes,0,1
2023-08-24 02:30:00+00:00,2023,Los Angeles FC,Colorado Rapids,4,0
2023-08-26 23:30:00+00:00,2023,Atlanta United,Nashville SC,4,0
2023-08-26 23:30:00+00:00,2023,Charlotte FC,Los Angeles FC,2,1
2023-08-26 23:30:00+00:00,2023,Columbus Crew,Toronto FC,2,0
2023-08-26 23:30:00+00:00,2023,Orlando City SC,St.Louis City,2,1
2023-08-26 23:30:00+00:00,2023,New York Red Bulls,Inter Miami CF,0,2
2023-08-26 23:30:00+00:00,2023,FC Cincinnati,New York City FC,3,0
2023-08-26 23:30:00+00:00,2023,CF Montréal,New England Revolution,1,0
2023-08-26 23:30:00+00:00,2023,DC United,Philadelphia Union,1,3
2023-08-27 00:30:00+00:00,2023,Sporting Kansas City,San Jose Earthquakes,3,0
2023-08-27 00:30:00+00:00,2023,FC Dallas,Austin FC,1,0
2023-08-27 01:30:00+00:00,2023,Real Salt Lake,Houston Dynamo,0,3
2023-08-27 02:30:00+00:00,2023,Portland Timbers,Vancouver Whitecaps,2,3
2023-08-27 02:30:00+00:00,2023,LA Galaxy,Chicago Fire,3,0
2023-08-27 20:30:00+00:00,2023,Minnesota United,Seattle Sounders FC,1,1
2023-08-30 23:30:00+00:00,2023,Atlanta United,FC Cincinnati,1,2
2023-08-30 23:30:00+00:00,2023,New York City FC,CF Montréal,2,0
2023-08-30 23:30:00+00:00,2023,Charlotte FC,Orlando City SC,1,1
2023-08-30 23:30:00+00:00,2023,Inter Miami CF,Nashville SC,0,0
2023-08-30 23:30:00+00:00,2023,Toronto FC,Philadelphia Union,3,1
2023-08-30 23:30:00+00:00,2023,New England Revolution,New York Red Bulls,1,0
2023-08-31 00:30:00+00:00,2023,Chicago Fire,Vancouver Whitecaps,0,1
2023-08-31 00:30:00+00:00,2023,Austin FC,Seattle Sounders FC,1,2
2023-08-31 00:30:00+00:00,2023,Minnesota United,Colorado Rapids,3,0
2023-08-31 00:30:00+00:00,2023,Houston Dynamo,Columbus Crew,2,0
2023-08-31 00:30:00+00:00,2023,St.Louis City,FC Dallas,2,1
2023-08-31 02:30:00+00:00,2023,Portland Timbers,Real Salt Lake,2,1
2023-08-31 02:30:00+00:00,2023,San Jose Earthquakes,LA Galaxy,2,3
2023-09-02 19:30:00+00:00,2023,New York City FC,Vancouver Whitecaps,1,1
2023-09-02 23:30:00+00:00,2023,FC Cincinnati,Orlando City SC,0,1
2023-09-02 23:30:00+00:00,2023,CF Montréal,Columbus Crew,2,4
2023-09-02 23:30:00+00:00,2023,DC United,Chicago Fire,4,0
2023-09-02 23:30:00+00:00,2023,New England Revolution,Austin FC,2,2
2023-09-03 00:30:00+00:00,2023,FC Dallas,Atlanta United,2,2
2023-09-03 00:30:00+00:00,2023,Nashville SC,Charlotte FC,1,1
2023-09-03 00:30:00+00:00,2023,Sporting Kansas City,St.Louis City,2,1
2023-09-03 01:30:00+00:00,2023,Real Salt Lake,Colorado Rapids,2,0
2023-09-03 02:30:00+00:00,2023,San Jose Earthquakes,Minnesota United,1,1
2023-09-03 02:30:00+00:00,2023,LA Galaxy,Houston Dynamo,0,0
2023-09-03 02:30:00+00:00,2023,Seattle Sounders FC,Portland Timbers,2,2
2023-09-03 23:30:00+00:00,2023,Philadelphia Union,New York Red Bulls,4,1
2023-09-04 02:00:00+00:00,2023,Los Angeles FC,Inter Miami CF,1,3
2023-09-09 23:30:00+00:00,2023,Inter Miami CF,Sporting Kansas City,3,2
2023-09-09 23:30:00+00:00,2023,DC United,San Jose Earthquakes,0,0
2023-09-10 00:30:00+00:00,2023,Minnesota United,New England Revolution,1,1
2023-09-10 02:30:00+00:00,2023,Portland Timbers,Los Angeles FC,2,0
2023-09-11 00:00:00+00:00,2023,LA Galaxy,St.Louis City,2,2
2023-09-16 19:30:00+00:00,2023,New York City FC,New York Red Bulls,0,0
2023-09-16 21:00:00+00:00,2023,Atlanta United,Inter Miami CF,5,2
2023-09-16 23:30:00+00:00,2023,Philadelphia Union,FC Cincinnati,2,2
2023-09-16 23:30:00+00:00,2023,CF Montréal,Chicago Fire,0,0
2023-09-16 23:30:00+00:00,2023,Charlotte FC,DC United,0,0
2023-09-16 23:30:00+00:00,2023,Orlando City SC,Columbus Crew,4,3
2023-09-16 23:30:00+00:00,2023,Toronto FC,Vancouver Whitecaps,1,2
2023-09-17 00:30:00+00:00,2023,Minnesota United,Sporting Kansas City,0,1
2023-09-17 00:30:00+00:00,2023,FC Dallas,Seattle Sounders FC,1,1
2023-09-17 00:30:00+00:00,2023,Houston Dynamo,St.Louis City,1,1
2023-09-17 01:30:00+00:00,2023,Colorado Rapids,New England Revolution,2,1
2023-09-17 02:30:00+00:00,2023,Los Angeles FC,LA Galaxy,4,2
2023-09-17 02:30:00+00:00,2023,San Jose Earthquakes,Real Salt Lake,2,1
2023-09-18 00:30:00+00:00,2023,Austin FC,Portland Timbers,1,2
2023-09-20 23:30:00+00:00,2023,Charlotte FC,Philadelphia Union,2,2
2023-09-20 23:30:00+00:00,2023,DC United,Atlanta United,1,1
2023-09-20 23:30:00+00:00,2023,New York City FC,Orlando City SC,2,0
2023-09-20 23:30:00+00:00,2023,Inter Miami CF,Toronto FC,4,0
2023-09-20 23:30:00+00:00,2023,Columbus Crew,Chicago Fire,3,0
2023-09-20 23:30:00+00:00,2023,New York Red Bulls,Austin FC,1,1
2023-09-20 23:30:00+00:00,2023,CF Montréal,FC Cincinnati,1,1
2023-09-21 00:30:00+00:00,2023,Sporting Kansas City,Nashville SC,0,3
2023-09-21 00:30:00+00:00,2023,St.Louis City,Los Angeles FC,0,0
2023-09-21 00:30:00+00:00,2023,Houston Dynamo,Vancouver Whitecaps,4,1
2023-09-21 01:30:00+00:00,2023,Colorado Rapids,Seattle Sounders FC,1,2
2023-09-21 01:30:00+00:00,2023,Real Salt Lake,FC Dallas,1,3
2023-09-21 02:30:00+00:00,2023,LA Galaxy,Minnesota United,4,3
2023-09-21 02:30:00+00:00,2023,Portland Timbers,San Jose Earthquakes,2,1
2023-09-23 23:30:00+00:00,2023,FC Cincinnati,Charlotte FC,3,0
2023-09-23 23:30:00+00:00,2023,Atlanta United,CF Montréal,4,1
2023-09-23 23:30:00+00:00,2023,DC United,New York Red Bulls,3,5
2023-09-23 23:30:00+00:00,2023,Philadelphia Union,Los Angeles FC,0,0
2023-09-24 00:30:00+00:00,2023,Sporting Kansas City,Houston Dynamo,2,1
2023-09-24 00:30:00+00:00,2023,Chicago Fire,New England Revolution,2,2
2023-09-24 00:30:00+00:00,2023,FC Dallas,Columbus Crew,1,1
2023-09-24 00:30:00+00:00,2023,Minnesota United,St.Louis City,1,2
2023-09-24 01:30:00+00:00,2023,Real Salt Lake,Vancouver Whitecaps,2,1
2023-09-24 02:30:00+00:00,2023,Portland Timbers,Colorado Rapids,3,2
2023-09-24 02:30:00+00:00,2023,San Jose Earthquakes,Nashville SC,1,1
2023-09-24 17:00:00+00:00,2023,New York City FC,Toronto FC,3,0
2023-09-24 23:30:00+00:00,2023,Orlando City SC,Inter Miami CF,1,1
2023-09-25 04:30:00+00:00,2023,Austin FC,LA Galaxy,3,3
2023-09-27 23:30:00+00:00,2023,Philadelphia Union,FC Dallas,1,1
2023-09-28 01:30:00+00:00,2023,Colorado Rapids,Vancouver Whitecaps,2,2
2023-09-30 23:30:00+00:00,2023,Columbus Crew,Philadelphia Union,1,1
2023-09-30 23:30:00+00:00,2023,Toronto FC,FC Cincinnati,2,3
2023-09-30 23:30:00+00:00,2023,Inter Miami CF,New York City FC,1,1
2023-09-30 23:30:00+00:00,2023,New York Red Bulls,Chicago Fire,0,1
2023-09-30 23:30:00+00:00,2023,New England Revolution,Charlotte FC,2,1
2023-09-30 23:30:00+00:00,2023,Orlando City SC,CF Montréal,3,0
2023-10-01 00:30:00+00:00,2023,Houston Dynamo,FC Dallas,0,0
2023-10-01 00:30:00+00:00,2023,Minnesota United,San Jose Earthquakes,1,1
2023-10-01 00:30:00+00:00,2023,St.Louis City,Sporting Kansas City,4,1
2023-10-01 00:30:00+00:00,2023,Nashville SC,Seattle Sounders FC,0,0
2023-10-01 01:30:00+00:00,2023,Colorado Rapids,Austin FC,1,0
2023-10-01 02:30:00+00:00,2023,LA Galaxy,Portland Timbers,3,3
2023-10-01 02:30:00+00:00,2023,Vancouver Whitecaps,DC United,2,2
2023-10-02 00:00:00+00:00,2023,Los Angeles FC,Real Salt Lake,0,1
2023-10-04 23:30:00+00:00,2023,FC Cincinnati,New York Red Bulls,1,2
2023-10-04 23:30:00+00:00,2023,New England Revolution,Columbus Crew,1,2
2023-10-04 23:30:00+00:00,2023,Philadelphia Union,Atlanta United,3,2
2023-10-04 23:30:00+00:00,2023,Charlotte FC,Toronto FC,3,0
2023-10-04 23:30:00+00:00,2023,CF Montréal,Houston Dynamo,1,1
2023-10-05 00:30:00+00:00,2023,Austin FC,DC United,3,0
2023-10-05 00:30:00+00:00,2023,Nashville SC,Orlando City SC,0,1
2023-10-05 00:30:00+00:00,2023,Chicago Fire,Inter Miami CF,4,1
2023-10-05 02:30:00+00:00,2023,Los Angeles FC,Minnesota United,5,1
2023-10-05 02:30:00+00:00,2023,Vancouver Whitecaps,St.Louis City,3,0
2023-10-05 02:30:00+00:00,2023,Seattle Sounders FC,LA Galaxy,2,1
2023-10-07 23:30:00+00:00,2023,Philadelphia Union,Nashville SC,0,0
2023-10-07 23:30:00+00:00,2023,DC United,New York City FC,2,0
2023-10-07 23:30:00+00:00,2023,New York Red Bulls,Toronto FC,3,0
2023-10-07 23:30:00+00:00,2023,Inter Miami CF,FC Cincinnati,0,1
2023-10-07 23:30:00+00:00,2023,Atlanta United,Columbus Crew,1,1
2023-10-07 23:30:00+00:00,2023,CF Montréal,Portland Timbers,4,1
2023-10-07 23:30:00+00:00,2023,Orlando City SC,New England Revolution,3,2
2023-10-08 00:30:00+00:00,2023,Austin FC,Los Angeles FC,2,4
2023-10-08 00:30:00+00:00,2023,Minnesota United,LA Galaxy,5,2
2023-10-08 00:30:00+00:00,2023,FC Dallas,San Jose Earthquakes,1,1
2023-10-08 00:30:00+00:00,2023,Chicago Fire,Charlotte FC,0,2
2023-10-08 00:30:00+00:00,2023,Houston Dynamo,Colorado Rapids,5,1
2023-10-08 01:30:00+00:00,2023,Real Salt Lake,Sporting Kansas City,2,3
2023-10-08 02:30:00+00:00,2023,Seattle Sounders FC,Vancouver Whitecaps,0,0
2023-10-15 00:30:00+00:00,2023,FC Dallas,Colorado Rapids,1,1
2023-10-15 00:30:00+00:00,2023,Nashville SC,New England Revolution,3,2
2023-10-15 02:30:00+00:00,2023,LA Galaxy,Real Salt Lake,2,2
2023-10-19 00:00:00+00:00,2023,Inter Miami CF,Charlotte FC,2,2
2023-10-21 22:00:00+00:00,2023,Charlotte FC,Inter Miami CF,1,0
2023-10-21 22:00:00+00:00,2023,Columbus Crew,CF Montréal,2,1
2023-10-21 22:00:00+00:00,2023,New York City FC,Chicago Fire,1,0
2023-10-21 22:00:00+00:00,2023,New England Revolution,Philadelphia Union,2,1
2023-10-21 22:00:00+00:00,2023,FC Cincinnati,Atlanta United,2,2
2023-10-21 22:00:00+00:00,2023,Nashville SC,New York Red Bulls,0,1
2023-10-21 22:20:00+00:00,2023,Toronto FC,Orlando City SC,0,2
2023-10-22 01:00:00+00:00,2023,Portland Timbers,Houston Dynamo,1,3
2023-10-22 01:00:00+00:00,2023,San Jose Earthquakes,Austin FC,1,1
2023-10-22 01:00:00+00:00,2023,Sporting Kansas City,Minnesota United,3,1
2023-10-22 01:00:00+00:00,2023,Vancouver Whitecaps,Los Angeles FC,1,1
2023-10-22 01:00:00+00:00,2023,St.Louis City,Seattle Sounders FC,0,2
2023-10-22 01:00:00+00:00,2023,LA Galaxy,FC Dallas,1,4
2023-10-22 01:00:00+00:00,2023,Colorado Rapids,Real Salt Lake,0,1
2023-10-25 23:30:00+00:00,2023,New York Red Bulls,Charlotte FC,5,2
2023-10-26 01:30:00+00:00,2023,Sporting Kansas City,San Jose Earthquakes,0,0
2023-10-28 21:00:00+00:00,2023,Philadelphia Union,New England Revolution,3,1
2023-10-29 00:00:00+00:00,2023,Los Angeles FC,Vancouver Whitecaps,5,2
2023-10-29 22:00:00+00:00,2023,Houston Dynamo,Real Salt Lake,2,1
2023-10-30 00:00:00+00:00,2023,FC Cincinnati,New York Red Bulls,3,0
2023-10-30 02:00:00+00:00,2023,St.Louis City,Sporting Kansas City,1,4
2023-10-30 23:00:00+00:00,2023,Orlando City SC,Nashville SC,1,0
2023-10-31 01:00:00+00:00,2023,Seattle Sounders FC,FC Dallas,2,0
2023-11-01 23:30:00+00:00,2023,Columbus Crew,Atlanta United,2,0
2023-11-04 23:00:00+00:00,2023,New York Red Bulls,FC Cincinnati,1,1
2023-11-05 01:00:00+00:00,2023,FC Dallas,Seattle Sounders FC,3,1
2023-11-05 22:00:00+00:00,2023,Sporting Kansas City,St.Louis City,2,1
2023-11-06 00:30:00+00:00,2023,Vancouver Whitecaps,Los Angeles FC,0,1
2023-11-07 02:00:00+00:00,2023,Real Salt Lake,Houston Dynamo,1,1
2023-11-08 00:00:00+00:00,2023,Atlanta United,Columbus Crew,4,2
2023-11-08 02:00:00+00:00,2023,Nashville SC,Orlando City SC,0,1
2023-11-09 00:00:00+00:00,2023,New England Revolution,Philadelphia Union,0,1
2023-11-11 03:00:00+00:00,2023,Seattle Sounders FC,FC Dallas,1,0
2023-11-11 23:00:00+00:00,2023,Houston Dynamo,Real Salt Lake,1,1
2023-11-13 00:00:00+00:00,2023,Columbus Crew,Atlanta United,4,2
2023-11-25 22:30:00+00:00,2023,Orlando City SC,Columbus Crew,0,0
2023-11-26 01:00:00+00:00,2023,FC Cincinnati,Philadelphia Union,1,0
2023-11-27 00:00:00+00:00,2023,Houston Dynamo,Sporting Kansas City,1,0
2023-11-27 02:30:00+00:00,2023,Seattle Sounders FC,Los Angeles FC,0,1
2023-12-02 23:00:00+00:00,2023,FC Cincinnati,Columbus Crew,2,2
2023-12-03 02:30:00+00:00,2023,Los Angeles FC,Houston Dynamo,2,0
2023-12-09 21:00:00+00:00,2023,Columbus Crew,Los Angeles FC,2,1
2024-02-22 01:00:00+00:00,2024,Inter Miami CF,Real Salt Lake,2,0
2024-02-24 19:00:00+00:00,2024,Columbus Crew,Atlanta United,1,0
2024-02-24 21:45:00+00:00,2024,Los Angeles FC,Seattle Sounders FC,2,1
2024-02-25 00:30:00+00:00,2024,Philadelphia Union,Chicago Fire,2,2
2024-02-25 00:30:00+00:00,2024,Orlando City SC,CF Montréal,0,0
2024-02-25 00:30:00+00:00,2024,DC United,New England Revolution,3,1
2024-02-25 00:30:00+00:00,2024,Charlotte FC,New York City FC,1,0
2024-02-25 01:30:00+00:00,2024,St.Louis City,Real Salt Lake,1,1
2024-02-25 01:30:00+00:00,2024,Houston Dynamo,Sporting Kansas City,1,1
2024-02-25 01:30:00+00:00,2024,FC Dallas,San Jose Earthquakes,2,1
2024-02-25 01:30:00+00:00,2024,Austin FC,Minnesota United,1,2
2024-02-25 03:30:00+00:00,2024,Portland Timbers,Colorado Rapids,4,1
2024-02-25 19:30:00+00:00,2024,FC Cincinnati,Toronto FC,0,0
2024-02-25 22:00:00+00:00,2024,Nashville SC,New York Red Bulls,0,0
2024-02-26 02:00:00+00:00,2024,LA Galaxy,Inter Miami CF,1,1
2024-03-02 19:00:00+00:00,2024,Minnesota United,Columbus Crew,1,1
2024-03-02 21:00:00+00:00,2024,Real Salt Lake,Los Angeles FC,3,0
2024-03-02 21:30:00+00:00,2024,Inter Miami CF,Orlando City SC,5,0
2024-03-03 00:30:00+00:00,2024,Vancouver Whitecaps,Charlotte FC,1,1
2024-03-03 01:30:00+00:00,2024,St.Louis City,New York City FC,2,0
2024-03-03 01:30:00+00:00,2024,Sporting Kansas City,Philadelphia Union,1,1
2024-03-03 01:30:00+00:00,2024,Houston Dynamo,New York Red Bulls,1,2
2024-03-03 01:30:00+00:00,2024,FC Dallas,CF Montréal,1,2
2024-03-03 01:30:00+00:00,2024,Chicago Fire,FC Cincinnati,1,2
2024-03-03 02:30:00+00:00,2024,Colorado Rapids,Nashville SC,1,1
2024-03-03 03:30:00+00:00,2024,Seattle Sounders FC,Austin FC,0,0
2024-03-03 03:30:00+00:00,2024,San Jose Earthquakes,LA Galaxy,1,3
2024-03-03 03:30:00+00:00,2024,Portland Timbers,DC United,2,2
2024-03-03 19:00:00+00:00,2024,New England Revolution,Toronto FC,0,1
2024-03-09 19:00:00+00:00,2024,Toronto FC,Charlotte FC,1,0
2024-03-09 19:00:00+00:00,2024,New York City FC,Portland Timbers,1,2
2024-03-10 00:30:00+00:00,2024,Orlando City SC,Minnesota United,2,3
2024-03-10 00:30:00+00:00,2024,New York Red Bulls,FC Dallas,2,1
2024-03-10 00:30:00+00:00,2024,Columbus Crew,Chicago Fire,2,1
2024-03-10 00:30:00+00:00,2024,Atlanta United,New England Revolution,4,1
2024-03-10 01:30:00+00:00,2024,Austin FC,St.Louis City,2,2
2024-03-10 02:30:00+00:00,2024,Real Salt Lake,Colorado Rapids,1,2
2024-03-10 03:30:00+00:00,2024,San Jose Earthquakes,Vancouver Whitecaps,0,2
2024-03-10 03:30:00+00:00,2024,Los Angeles FC,Sporting Kansas City,0,0
2024-03-10 19:00:00+00:00,2024,Nashville SC,LA Galaxy,2,2
2024-03-10 19:00:00+00:00,2024,FC Cincinnati,DC United,0,0
2024-03-10 21:00:00+00:00,2024,Inter Miami CF,CF Montréal,2,3
2024-03-16 18:00:00+00:00,2024,DC United,Inter Miami CF,1,3
2024-03-16 18:00:00+00:00,2024,Chicago Fire,CF Montréal,4,3
2024-03-16 19:30:00+00:00,2024,Seattle Sounders FC,Colorado Rapids,1,1
2024-03-16 23:30:00+00:00,2024,New York City FC,Toronto FC,2,1
2024-03-16 23:30:00+00:00,2024,Columbus Crew,New York Red Bulls,3,0
2024-03-17 00:30:00+00:00,2024,Nashville SC,Charlotte FC,2,1
2024-03-17 00:30:00+00:00,2024,Minnesota United,Los Angeles FC,2,0
2024-03-17 00:30:00+00:00,2024,Sporting Kansas City,San Jose Earthquakes,2,1
2024-03-17 00:30:00+00:00,2024,Houston Dynamo,Portland Timbers,1,0
2024-03-17 00:30:00+00:00,2024,FC Dallas,Vancouver Whitecaps,1,3
2024-03-17 00:30:00+00:00,2024,Austin FC,Philadelphia Union,2,2
2024-03-17 02:30:00+00:00,2024,LA Galaxy,St.Louis City,3,3
2024-03-17 18:00:00+00:00,2024,New England Revolution,FC Cincinnati,1,2
2024-03-17 23:00:00+00:00,2024,Atlanta United,Orlando City SC,2,0
2024-03-23 18:00:00+00:00,2024,New York Red Bulls,Inter Miami CF,4,0
2024-03-23 18:00:00+00:00,2024,New England Revolution,Chicago Fire,1,1
2024-03-23 23:30:00+00:00,2024,Toronto FC,Atlanta United,2,0
2024-03-23 23:30:00+00:00,2024,Orlando City SC,Austin FC,2,0
2024-03-23 23:30:00+00:00,2024,FC Cincinnati,New York City FC,1,0
2024-03-23 23:30:00+00:00,2024,Charlotte FC,Columbus Crew,2,0
2024-03-23 23:30:00+00:00,2024,Vancouver Whitecaps,Real Salt Lake,1,2
2024-03-24 00:30:00+00:00,2024,St.Louis City,DC United,2,2
2024-03-24 00:30:00+00:00,2024,Sporting Kansas City,LA Galaxy,2,3
2024-03-24 01:30:00+00:00,2024,Colorado Rapids,Houston Dynamo,0,1
2024-03-24 02:30:00+00:00,2024,San Jose Earthquakes,Seattle Sounders FC,3,2
2024-03-24 02:30:00+00:00,2024,Portland Timbers,Philadelphia Union,1,3
2024-03-24 02:30:00+00:00,2024,Los Angeles FC,Nashville SC,5,0
2024-03-30 18:00:00+00:00,2024,Philadelphia Union,Minnesota United,2,0
2024-03-30 20:00:00+00:00,2024,Colorado Rapids,Los Angeles FC,3,2
2024-03-30 23:30:00+00:00,2024,Toronto FC,Sporting Kansas City,1,3
2024-03-30 23:30:00+00:00,2024,Orlando City SC,New York Red Bulls,1,1
2024-03-30 23:30:00+00:00,2024,Inter Miami CF,New York City FC,1,1
2024-03-30 23:30:00+00:00,2024,DC United,CF Montréal,1,0
2024-03-30 23:30:00+00:00,2024,Charlotte FC,FC Cincinnati,1,1
2024-03-31 00:30:00+00:00,2024,Nashville SC,Columbus Crew,2,2
2024-03-31 00:30:00+00:00,2024,Houston Dynamo,San Jose Earthquakes,2,1
2024-03-31 00:30:00+00:00,2024,Austin FC,FC Dallas,2,1
2024-03-31 01:30:00+00:00,2024,Real Salt Lake,St.Louis City,3,1
2024-03-31 02:30:00+00:00,2024,LA Galaxy,Seattle Sounders FC,1,0
2024-03-31 02:30:00+00:00,2024,Vancouver Whitecaps,Portland Timbers,3,2
2024-03-31 19:30:00+00:00,2024,Atlanta United,Chicago Fire,3,0
2024-04-06 23:30:00+00:00,2024,New England Revolution,Charlotte FC,1,0
2024-04-06 23:30:00+00:00,2024,New York City FC,Atlanta United,1,1
2024-04-06 23:30:00+00:00,2024,Inter Miami CF,Colorado Rapids,2,2
2024-04-06 23:30:00+00:00,2024,Columbus Crew,DC United,1,1
2024-04-06 23:30:00+00:00,2024,FC Cincinnati,New York Red Bulls,1,2
2024-04-06 23:30:00+00:00,2024,Vancouver Whitecaps,Toronto FC,4,0
2024-04-06 23:45:00+00:00,2024,Los Angeles FC,LA Galaxy,2,1
2024-04-07 00:30:00+00:00,2024,St.Louis City,FC Dallas,0,0
2024-04-07 00:30:00+00:00,2024,Nashville SC,Philadelphia Union,1,2
2024-04-07 00:30:00+00:00,2024,Minnesota United,Real Salt Lake,1,1
2024-04-07 00:30:00+00:00,2024,Chicago Fire,Houston Dynamo,2,1
2024-04-07 00:30:00+00:00,2024,Austin FC,San Jose Earthquakes,4,3
2024-04-07 02:30:00+00:00,2024,Seattle Sounders FC,CF Montréal,5,0
2024-04-07 17:45:00+00:00,2024,Sporting Kansas City,Portland Timbers,3,3
2024-04-13 20:45:00+00:00,2024,Portland Timbers,Los Angeles FC,2,2
2024-04-13 23:30:00+00:00,2024,New York Red Bulls,Chicago Fire,0,0
2024-04-13 23:30:00+00:00,2024,New York City FC,New England Revolution,2,0
2024-04-13 23:30:00+00:00,2024,CF Montréal,FC Cincinnati,2,1
2024-04-13 23:30:00+00:00,2024,DC United,Orlando City SC,2,3
2024-04-13 23:30:00+00:00,2024,Charlotte FC,Toronto FC,3,2
2024-04-14 00:30:00+00:00,2024,Minnesota United,Houston Dynamo,1,2
2024-04-14 00:30:00+00:00,2024,Sporting Kansas City,Inter Miami CF,2,3
2024-04-14 00:30:00+00:00,2024,FC Dallas,Seattle Sounders FC,0,0
2024-04-14 01:30:00+00:00,2024,Real Salt Lake,Columbus Crew,0,0
2024-04-14 02:30:00+00:00,2024,San Jose Earthquakes,Colorado Rapids,0,3
2024-04-14 02:30:00+00:00,2024,Vancouver Whitecaps,LA Galaxy,1,3
2024-04-14 18:30:00+00:00,2024,Atlanta United,Philadelphia Union,2,2
2024-04-14 20:45:00+00:00,2024,St.Louis City,Austin FC,1,0
2024-04-20 23:30:00+00:00,2024,Toronto FC,New England Revolution,1,0
2024-04-20 23:30:00+00:00,2024,New York City FC,DC United,2,0
2024-04-20 23:30:00+00:00,2024,CF Montréal,Orlando City SC,2,2
2024-04-20 23:30:00+00:00,2024,Inter Miami CF,Nashville SC,3,1
2024-04-20 23:30:00+00:00,2024,Columbus Crew,Portland Timbers,2,2
2024-04-20 23:30:00+00:00,2024,Atlanta United,FC Cincinnati,1,2
2024-04-21 00:30:00+00:00,2024,Sporting Kansas City,St.Louis City,3,3
2024-04-21 00:30:00+00:00,2024,Houston Dynamo,Austin FC,0,1
2024-04-21 00:30:00+00:00,2024,Chicago Fire,Real Salt Lake,0,4
2024-04-21 01:30:00+00:00,2024,Colorado Rapids,FC Dallas,2,1
2024-04-21 02:30:00+00:00,2024,Seattle Sounders FC,Vancouver Whitecaps,0,2
2024-04-21 02:30:00+00:00,2024,Los Angeles FC,New York Red Bulls,2,2
2024-04-21 22:00:00+00:00,2024,Charlotte FC,Minnesota United,0,3
2024-04-22 00:15:00+00:00,2024,LA Galaxy,San Jose Earthquakes,4,3
2024-04-27 17:45:00+00:00,2024,Austin FC,LA Galaxy,2,0
2024-04-27 23:30:00+00:00,2024,Philadelphia Union,Real Salt Lake,1,2
2024-04-27 23:30:00+00:00,2024,Orlando City SC,Toronto FC,1,2
2024-04-27 23:30:00+00:00,2024,New York Red Bulls,Vancouver Whitecaps,1,1
2024-04-27 23:30:00+00:00,2024,New England Revolution,Inter Miami CF,1,4
2024-04-27 23:30:00+00:00,2024,New York City FC,Charlotte FC,2,1
2024-04-27 23:30:00+00:00,2024,DC United,Seattle Sounders FC,2,1
2024-04-27 23:30:00+00:00,2024,Columbus Crew,CF Montréal,0,0
2024-04-27 23:30:00+00:00,2024,FC Cincinnati,Colorado Rapids,2,1
2024-04-28 00:30:00+00:00,2024,Nashville SC,San Jose Earthquakes,1,1
2024-04-28 00:30:00+00:00,2024,Minnesota United,Sporting Kansas City,2,1
2024-04-28 00:30:00+00:00,2024,FC Dallas,Houston Dynamo,2,0
2024-04-28 00:30:00+00:00,2024,Chicago Fire,Atlanta United,0,0
2024-04-28 02:30:00+00:00,2024,Los Angeles FC,Portland Timbers,3,2
2024-04-30 23:30:00+00:00,2024,Philadelphia Union,Seattle Sounders FC,2,3
2024-05-04 23:30:00+00:00,2024,Toronto FC,FC Dallas,3,1
2024-05-04 23:30:00+00:00,2024,San Jose Earthquakes,Los Angeles FC,3,1
2024-05-04 23:30:00+00:00,2024,Orlando City SC,FC Cincinnati,0,1
2024-05-04 23:30:00+00:00,2024,Inter Miami CF,New York Red Bulls,6,2
2024-05-04 23:30:00+00:00,2024,DC United,Philadelphia Union,2,2
2024-05-04 23:30:00+00:00,2024,Charlotte FC,Portland Timbers,2,0
2024-05-04 23:30:00+00:00,2024,Atlanta United,Minnesota United,1,2
2024-05-05 00:30:00+00:00,2024,Nashville SC,CF Montréal,4,1
2024-05-05 00:30:00+00:00,2024,Houston Dynamo,St.Louis City,0,0
2024-05-05 01:25:00+00:00,2024,Chicago Fire,New England Revolution,0,1
2024-05-05 01:30:00+00:00,2024,Real Salt Lake,Sporting Kansas City,1,0
2024-05-05 02:30:00+00:00,2024,Vancouver Whitecaps,Austin FC,0,0
2024-05-05 20:00:00+00:00,2024,New York City FC,Colorado Rapids,0,2
2024-05-05 22:45:00+00:00,2024,Seattle Sounders FC,LA Galaxy,0,0
2024-05-11 23:30:00+00:00,2024,Toronto FC,New York City FC,2,3
2024-05-11 23:30:00+00:00,2024,Philadelphia Union,Orlando City SC,2,3
2024-05-11 23:30:00+00:00,2024,New York Red Bulls,New England Revolution,4,2
2024-05-11 23:30:00+00:00,2024,CF Montréal,Inter Miami CF,2,3
2024-05-11 23:30:00+00:00,2024,Charlotte FC,Nashville SC,1,0
2024-05-11 23:30:00+00:00,2024,Atlanta United,DC United,2,3
2024-05-11 23:45:00+00:00,2024,Columbus Crew,FC Cincinnati,1,2
2024-05-12 00:30:00+00:00,2024,St.Louis City,Chicago Fire,3,1
2024-05-12 00:30:00+00:00,2024,Sporting Kansas City,Houston Dynamo,1,2
2024-05-12 00:30:00+00:00,2024,FC Dallas,Austin FC,2,1
2024-05-12 01:30:00+00:00,2024,Colorado Rapids,San Jose Earthquakes,2,3
2024-05-12 02:30:00+00:00,2024,Los Angeles FC,Vancouver Whitecaps,3,0
2024-05-12 02:30:00+00:00,2024,LA Galaxy,Real Salt Lake,2,2
2024-05-12 20:45:00+00:00,2024,Portland Timbers,Seattle Sounders FC,1,2
2024-05-15 23:30:00+00:00,2024,Philadelphia Union,New York City FC,1,2
2024-05-15 23:30:00+00:00,2024,Orlando City SC,Inter Miami CF,0,0
2024-05-15 23:30:00+00:00,2024,CF Montréal,Columbus Crew,1,3
2024-05-15 23:30:00+00:00,2024,DC United,New York Red Bulls,1,4
2024-05-15 23:30:00+00:00,2024,FC Cincinnati,Atlanta United,1,0
2024-05-16 00:30:00+00:00,2024,St.Louis City,Los Angeles FC,0,2
2024-05-16 00:30:00+00:00,2024,Nashville SC,Toronto FC,2,0
2024-05-16 00:30:00+00:00,2024,Minnesota United,LA Galaxy,2,2
2024-05-16 00:30:00+00:00,2024,Chicago Fire,Charlotte FC,0,1
2024-05-16 00:30:00+00:00,2024,Austin FC,Houston Dynamo,1,0
2024-05-16 01:30:00+00:00,2024,Real Salt Lake,Seattle Sounders FC,2,0
2024-05-16 01:30:00+00:00,2024,Colorado Rapids,Vancouver Whitecaps,1,0
2024-05-16 02:30:00+00:00,2024,Portland Timbers,San Jose Earthquakes,4,2
2024-05-18 17:45:00+00:00,2024,Nashville SC,Atlanta United,1,1
2024-05-18 23:30:00+00:00,2024,Toronto FC,CF Montréal,5,1
2024-05-18 23:30:00+00:00,2024,New England Revolution,Philadelphia Union,0,3
2024-05-18 23:30:00+00:00,2024,New York City FC,New York Red Bulls,2,1
2024-05-18 23:30:00+00:00,2024,FC Cincinnati,St.Louis City,3,1
2024-05-18 23:30:00+00:00,2024,Charlotte FC,LA Galaxy,0,0
2024-05-19 00:05:00+00:00,2024,Inter Miami CF,DC United,1,0
2024-05-19 00:30:00+00:00,2024,Minnesota United,Portland Timbers,2,1
2024-05-19 00:30:00+00:00,2024,Houston Dynamo,FC Dallas,1,1
2024-05-19 00:30:00+00:00,2024,Chicago Fire,Columbus Crew,1,3
2024-05-19 00:30:00+00:00,2024,Austin FC,Sporting Kansas City,3,2
2024-05-19 01:30:00+00:00,2024,Real Salt Lake,Colorado Rapids,5,3
2024-05-19 02:30:00+00:00,2024,Seattle Sounders FC,Vancouver Whitecaps,1,1
2024-05-19 02:30:00+00:00,2024,San Jose Earthquakes,Orlando City SC,0,1
2024-05-25 23:30:00+00:00,2024,Toronto FC,FC Cincinnati,3,4
2024-05-25 23:30:00+00:00,2024,Orlando City SC,Columbus Crew,0,2
2024-05-25 23:30:00+00:00,2024,New England Revolution,New York City FC,0,1
2024-05-25 23:30:00+00:00,2024,CF Montréal,Nashville SC,0,0
2024-05-25 23:30:00+00:00,2024,DC United,Chicago Fire,1,1
2024-05-25 23:30:00+00:00,2024,Charlotte FC,Philadelphia Union,0,0
2024-05-25 23:30:00+00:00,2024,Atlanta United,Los Angeles FC,0,1
2024-05-26 00:30:00+00:00,2024,St.Louis City,Seattle Sounders FC,1,2
2024-05-26 00:30:00+00:00,2024,FC Dallas,Real Salt Lake,3,3
2024-05-26 01:30:00+00:00,2024,Colorado Rapids,Minnesota United,3,3
2024-05-26 02:30:00+00:00,2024,San Jose Earthquakes,Austin FC,1,1
2024-05-26 02:30:00+00:00,2024,Portland Timbers,Sporting Kansas City,2,1
2024-05-26 02:30:00+00:00,2024,LA Galaxy,Houston Dynamo,2,1
2024-05-26 02:30:00+00:00,2024,Vancouver Whitecaps,Inter Miami CF,1,2
2024-05-29 23:30:00+00:00,2024,Philadelphia Union,Toronto FC,0,0
2024-05-29 23:30:00+00:00,2024,New York Red Bulls,Charlotte FC,3,1
2024-05-29 23:30:00+00:00,2024,CF Montréal,DC United,4,2
2024-05-29 23:30:00+00:00,2024,Inter Miami CF,Atlanta United,1,3
2024-05-29 23:30:00+00:00,2024,FC Cincinnati,Nashville SC,0,2
2024-05-30 00:30:00+00:00,2024,Sporting Kansas City,Vancouver Whitecaps,1,2
2024-05-30 00:30:00+00:00,2024,Houston Dynamo,Colorado Rapids,3,1
2024-05-30 00:30:00+00:00,2024,Chicago Fire,Orlando City SC,1,1
2024-05-30 00:30:00+00:00,2024,Austin FC,Portland Timbers,0,2
2024-05-30 02:30:00+00:00,2024,Seattle Sounders FC,Real Salt Lake,1,1
2024-05-30 02:30:00+00:00,2024,LA Galaxy,FC Dallas,3,1
2024-05-30 02:45:00+00:00,2024,Los Angeles FC,Minnesota United,2,0
2024-05-31 23:30:00+00:00,2024,New York City FC,San Jose Earthquakes,5,1
2024-06-01 23:30:00+00:00,2024,Philadelphia Union,CF Montréal,2,2
2024-06-01 23:30:00+00:00,2024,New York Red Bulls,Orlando City SC,1,0
2024-06-01 23:30:00+00:00,2024,Inter Miami CF,St.Louis City,3,3
2024-06-01 23:30:00+00:00,2024,DC United,Toronto FC,2,2
2024-06-02 00:30:00+00:00,2024,Nashville SC,New England Revolution,1,2
2024-06-02 00:30:00+00:00,2024,Minnesota United,Sporting Kansas City,3,1
2024-06-02 00:30:00+00:00,2024,Chicago Fire,LA Galaxy,2,1
2024-06-02 01:30:00+00:00,2024,Real Salt Lake,Austin FC,5,1
2024-06-02 02:30:00+00:00,2024,Portland Timbers,Houston Dynamo,2,2
2024-06-02 02:30:00+00:00,2024,Los Angeles FC,FC Dallas,1,0
2024-06-02 02:30:00+00:00,2024,Vancouver Whitecaps,Colorado Rapids,2,1
2024-06-02 20:45:00+00:00,2024,Atlanta United,Charlotte FC,2,3
2024-06-08 23:30:00+00:00,2024,New England Revolution,New York Red Bulls,1,0
2024-06-09 00:30:00+00:00,2024,St.Louis City,Portland Timbers,0,0
2024-06-09 00:30:00+00:00,2024,Minnesota United,FC Dallas,1,1
2024-06-09 00:30:00+00:00,2024,Sporting Kansas City,Seattle Sounders FC,2,1
2024-06-15 00:40:00+00:00,2024,New York City FC,Columbus Crew,2,3
2024-06-15 23:30:00+00:00,2024,Toronto FC,Chicago Fire,1,4
2024-06-15 23:30:00+00:00,2024,Philadelphia Union,Inter Miami CF,1,2
2024-06-15 23:30:00+00:00,2024,Orlando City SC,Los Angeles FC,1,3
2024-06-15 23:30:00+00:00,2024,New York Red Bulls,Nashville SC,0,0
2024-06-15 23:30:00+00:00,2024,New England Revolution,Vancouver Whitecaps,3,2
2024-06-15 23:30:00+00:00,2024,CF Montréal,Real Salt Lake,0,0
2024-06-15 23:30:00+00:00,2024,Charlotte FC,DC United,1,0
2024-06-15 23:30:00+00:00,2024,Atlanta United,Houston Dynamo,2,2
2024-06-16 00:30:00+00:00,2024,FC Dallas,St.Louis City,2,0
2024-06-16 01:30:00+00:00,2024,Colorado Rapids,Austin FC,2,0
2024-06-16 02:30:00+00:00,2024,Seattle Sounders FC,Minnesota United,2,0
2024-06-16 02:30:00+00:00,2024,San Jose Earthquakes,FC Cincinnati,2,4
2024-06-16 02:30:00+00:00,2024,LA Galaxy,Sporting Kansas City,4,2
2024-06-19 23:30:00+00:00,2024,Toronto FC,Nashville SC,1,2
2024-06-19 23:30:00+00:00,2024,CF Montréal,New York Red Bulls,2,2
2024-06-19 23:30:00+00:00,2024,Inter Miami CF,Columbus Crew,2,1
2024-06-19 23:30:00+00:00,2024,DC United,Atlanta United,0,1
2024-06-19 23:30:00+00:00,2024,Charlotte FC,Orlando City SC,2,2
2024-06-19 23:45:00+00:00,2024,FC Cincinnati,Philadelphia Union,4,3
2024-06-20 00:30:00+00:00,2024,St.Louis City,Colorado Rapids,0,3
2024-06-20 00:30:00+00:00,2024,Sporting Kansas City,Real Salt Lake,3,4
2024-06-20 00:30:00+00:00,2024,Houston Dynamo,Seattle Sounders FC,2,2
2024-06-20 00:30:00+00:00,2024,FC Dallas,Minnesota United,5,3
2024-06-20 00:30:00+00:00,2024,Austin FC,Los Angeles FC,1,1
2024-06-20 02:30:00+00:00,2024,San Jose Earthquakes,Portland Timbers,1,2
2024-06-20 02:30:00+00:00,2024,LA Galaxy,New York City FC,2,0
2024-06-22 23:30:00+00:00,2024,Philadelphia Union,Charlotte FC,0,2
2024-06-22 23:30:00+00:00,2024,Orlando City SC,Chicago Fire,4,2
2024-06-22 23:30:00+00:00,2024,New York Red Bulls,Toronto FC,3,0
2024-06-22 23:30:00+00:00,2024,DC United,Houston Dynamo,1,4
2024-06-22 23:30:00+00:00,2024,Columbus Crew,Sporting Kansas City,4,0
2024-06-22 23:30:00+00:00,2024,FC Cincinnati,New England Revolution,1,2
2024-06-23 00:30:00+00:00,2024,St.Louis City,Atlanta United,1,1
2024-06-23 00:30:00+00:00,2024,Nashville SC,New York City FC,1,0
2024-06-23 00:30:00+00:00,2024,Minnesota United,Austin FC,0,1
2024-06-23 01:30:00+00:00,2024,Real Salt Lake,LA Galaxy,0,1
2024-06-23 01:30:00+00:00,2024,Colorado Rapids,CF Montréal,4,1
2024-06-23 02:30:00+00:00,2024,Seattle Sounders FC,FC Dallas,3,2
2024-06-23 02:30:00+00:00,2024,Portland Timbers,Vancouver Whitecaps,2,0
2024-06-23 02:30:00+00:00,2024,Los Angeles FC,San Jose Earthquakes,6,2
2024-06-28 23:30:00+00:00,2024,New York City FC,Orlando City SC,4,2
2024-06-29 23:30:00+00:00,2024,New York Red Bulls,DC United,2,2
2024-06-29 23:30:00+00:00,2024,New England Revolution,Columbus Crew,1,5
2024-06-29 23:30:00+00:00,2024,CF Montréal,Philadelphia Union,4,2
2024-06-29 23:30:00+00:00,2024,Atlanta United,Toronto FC,2,1
2024-06-30 00:30:00+00:00,2024,Nashville SC,Inter Miami CF,1,2
2024-06-30 00:30:00+00:00,2024,Sporting Kansas City,Austin FC,2,0
2024-06-30 00:30:00+00:00,2024,Houston Dynamo,Charlotte FC,1,0
2024-06-30 00:30:00+00:00,2024,FC Dallas,FC Cincinnati,0,1
2024-06-30 02:30:00+00:00,2024,Seattle Sounders FC,Chicago Fire,2,1
2024-06-30 02:30:00+00:00,2024,San Jose Earthquakes,LA Galaxy,0,3
2024-06-30 02:30:00+00:00,2024,Portland Timbers,Minnesota United,3,2
2024-06-30 02:30:00+00:00,2024,Los Angeles FC,Colorado Rapids,3,0
2024-06-30 02:30:00+00:00,2024,Vancouver Whitecaps,St.Louis City,4,3
2024-07-03 23:30:00+00:00,2024,Toronto FC,Orlando City SC,1,2
2024-07-03 23:30:00+00:00,2024,New York City FC,CF Montréal,2,0
2024-07-03 23:30:00+00:00,2024,DC United,FC Cincinnati,2,3
2024-07-03 23:30:00+00:00,2024,Charlotte FC,Inter Miami CF,1,2
2024-07-03 23:45:00+00:00,2024,New England Revolution,Atlanta United,2,1
2024-07-04 00:30:00+00:00,2024,St.Louis City,San Jose Earthquakes,2,0
2024-07-04 00:30:00+00:00,2024,Minnesota United,Vancouver Whitecaps,1,3
2024-07-04 00:30:00+00:00,2024,Chicago Fire,Philadelphia Union,4,3
2024-07-04 00:45:00+00:00,2024,Columbus Crew,Nashville SC,2,0
2024-07-04 01:30:00+00:00,2024,Real Salt Lake,Houston Dynamo,3,2
2024-07-05 00:30:00+00:00,2024,FC Dallas,Portland Timbers,3,2
2024-07-05 01:30:00+00:00,2024,Colorado Rapids,Sporting Kansas City,2,1
2024-07-05 02:40:00+00:00,2024,LA Galaxy,Los Angeles FC,1,2
2024-07-06 23:30:00+00:00,2024,Philadelphia Union,New York Red Bulls,0,0
2024-07-06 23:30:00+00:00,2024,Orlando City SC,DC United,5,0
2024-07-06 23:30:00+00:00,2024,CF Montréal,Vancouver Whitecaps,1,1
2024-07-06 23:30:00+00:00,2024,Columbus Crew,Toronto FC,4,0
2024-07-06 23:30:00+00:00,2024,FC Cincinnati,Inter Miami CF,6,1
2024-07-07 00:30:00+00:00,2024,Austin FC,New York City FC,2,1
2024-07-07 01:30:00+00:00,2024,Real Salt Lake,Atlanta United,5,2
2024-07-07 02:30:00+00:00,2024,Seattle Sounders FC,New England Revolution,2,0
2024-07-08 00:30:00+00:00,2024,San Jose Earthquakes,Chicago Fire,1,0
2024-07-08 00:30:00+00:00,2024,Sporting Kansas City,FC Dallas,3,2
2024-07-08 01:30:00+00:00,2024,Colorado Rapids,St.Louis City,4,1
2024-07-08 02:30:00+00:00,2024,Portland Timbers,Nashville SC,4,1
2024-07-08 02:30:00+00:00,2024,LA Galaxy,Minnesota United,2,1
2024-07-13 23:30:00+00:00,2024,Toronto FC,Philadelphia Union,2,1
2024-07-13 23:30:00+00:00,2024,New England Revolution,Orlando City SC,1,3
2024-07-13 23:30:00+00:00,2024,CF Montréal,Atlanta United,1,0
2024-07-13 23:30:00+00:00,2024,DC United,Nashville SC,2,1
2024-07-13 23:30:00+00:00,2024,FC Cincinnati,Charlotte FC,1,3
2024-07-14 00:30:00+00:00,2024,St.Louis City,Vancouver Whitecaps,1,4
2024-07-14 00:30:00+00:00,2024,Houston Dynamo,Minnesota United,1,1
2024-07-14 00:30:00+00:00,2024,FC Dallas,LA Galaxy,2,0
2024-07-14 00:30:00+00:00,2024,Chicago Fire,New York City FC,0,0
2024-07-14 00:30:00+00:00,2024,Austin FC,Seattle Sounders FC,0,1
2024-07-14 01:30:00+00:00,2024,Colorado Rapids,New York Red Bulls,1,1
2024-07-14 02:25:00+00:00,2024,Portland Timbers,Real Salt Lake,3,0
2024-07-14 02:30:00+00:00,2024,San Jose Earthquakes,Sporting Kansas City,1,2
2024-07-14 02:30:00+00:00,2024,Los Angeles FC,Columbus Crew,1,5
2024-07-17 23:30:00+00:00,2024,Philadelphia Union,New England Revolution,5,1
2024-07-17 23:30:00+00:00,2024,New York Red Bulls,CF Montréal,2,2
2024-07-17 23:30:00+00:00,2024,Inter Miami CF,Toronto FC,3,1
2024-07-17 23:30:00+00:00,2024,Columbus Crew,Charlotte FC,1,1
2024-07-17 23:30:00+00:00,2024,FC Cincinnati,Chicago Fire,0,1
2024-07-17 23:30:00+00:00,2024,Atlanta United,New York City FC,2,2
2024-07-18 00:30:00+00:00,2024,Nashville SC,Orlando City SC,0,3
2024-07-18 00:30:00+00:00,2024,Minnesota United,DC United,2,3
2024-07-18 00:30:00+00:00,2024,FC Dallas,Austin FC,3,1
2024-07-18 02:30:00+00:00,2024,Vancouver Whitecaps,Sporting Kansas City,2,1
2024-07-18 02:30:00+00:00,2024,Seattle Sounders FC,St.Louis City,2,0
2024-07-18 02:30:00+00:00,2024,San Jose Earthquakes,Houston Dynamo,0,1
2024-07-18 02:30:00+00:00,2024,LA Galaxy,Colorado Rapids,3,2
2024-07-18 02:45:00+00:00,2024,Los Angeles FC,Real Salt Lake,1,1
2024-07-20 23:30:00+00:00,2024,Philadelphia Union,Nashville SC,3,0
2024-07-20 23:30:00+00:00,2024,Orlando City SC,New York City FC,1,1
2024-07-20 23:30:00+00:00,2024,New York Red Bulls,FC Cincinnati,3,1
2024-07-20 23:30:00+00:00,2024,New England Revolution,FC Dallas,1,1
2024-07-20 23:30:00+00:00,2024,CF Montréal,Toronto FC,0,1
2024-07-20 23:30:00+00:00,2024,Inter Miami CF,Chicago Fire,2,1
2024-07-20 23:30:00+00:00,2024,Atlanta United,Columbus Crew,2,1
2024-07-21 00:30:00+00:00,2024,Minnesota United,San Jose Earthquakes,2,0
2024-07-21 00:30:00+00:00,2024,Sporting Kansas City,St.Louis City,1,1
2024-07-21 00:30:00+00:00,2024,Austin FC,Charlotte FC,2,2
2024-07-21 01:30:00+00:00,2024,Colorado Rapids,Real Salt Lake,3,2
2024-07-21 02:30:00+00:00,2024,Seattle Sounders FC,Los Angeles FC,0,3
2024-07-21 02:30:00+00:00,2024,Vancouver Whitecaps,Houston Dynamo,3,4
2024-07-21 02:45:00+00:00,2024,LA Galaxy,Portland Timbers,3,2
2024-08-24 22:45:00+00:00,2024,Minnesota United,Seattle Sounders FC,2,3
2024-08-24 23:30:00+00:00,2024,New York City FC,Chicago Fire,2,2
2024-08-24 23:30:00+00:00,2024,CF Montréal,New England Revolution,0,5
2024-08-24 23:30:00+00:00,2024,Inter Miami CF,FC Cincinnati,2,0
2024-08-24 23:30:00+00:00,2024,DC United,FC Dallas,3,4
2024-08-24 23:30:00+00:00,2024,Charlotte FC,New York Red Bulls,1,1
2024-08-25 00:30:00+00:00,2024,Nashville SC,Austin FC,0,2
2024-08-25 00:30:00+00:00,2024,Sporting Kansas City,Orlando City SC,3,0
2024-08-25 00:30:00+00:00,2024,Houston Dynamo,Toronto FC,0,1
2024-08-25 01:30:00+00:00,2024,Real Salt Lake,San Jose Earthquakes,0,2
2024-08-25 02:30:00+00:00,2024,Portland Timbers,St.Louis City,4,4
2024-08-25 02:30:00+00:00,2024,LA Galaxy,Atlanta United,2,0
2024-08-28 23:30:00+00:00,2024,Philadelphia Union,Columbus Crew,0,1
2024-08-31 23:30:00+00:00,2024,Toronto FC,DC United,1,3
2024-08-31 23:30:00+00:00,2024,Orlando City SC,Nashville SC,3,0
2024-08-31 23:30:00+00:00,2024,New York Red Bulls,Philadelphia Union,0,2
2024-08-31 23:30:00+00:00,2024,Columbus Crew,New York City FC,4,2
2024-08-31 23:30:00+00:00,2024,FC Cincinnati,CF Montréal,4,1
2024-08-31 23:30:00+00:00,2024,Charlotte FC,Atlanta United,0,1
2024-09-01 00:30:00+00:00,2024,FC Dallas,Colorado Rapids,2,3
2024-09-01 00:30:00+00:00,2024,Chicago Fire,Inter Miami CF,1,4
2024-09-01 00:30:00+00:00,2024,Austin FC,Vancouver Whitecaps,0,1
2024-09-01 01:30:00+00:00,2024,Real Salt Lake,New England Revolution,2,0
2024-09-01 02:30:00+00:00,2024,San Jose Earthquakes,Minnesota United,1,2
2024-09-01 02:30:00+00:00,2024,Portland Timbers,Seattle Sounders FC,1,0
2024-09-01 02:30:00+00:00,2024,Los Angeles FC,Houston Dynamo,0,2
2024-09-01 18:45:00+00:00,2024,St.Louis City,LA Galaxy,2,1
2024-09-07 23:30:00+00:00,2024,Columbus Crew,Seattle Sounders FC,0,4
2024-09-07 23:30:00+00:00,2024,New York Red Bulls,Sporting Kansas City,1,1
2024-09-07 23:30:00+00:00,2024,New England Revolution,St.Louis City,2,2
2024-09-08 00:30:00+00:00,2024,Houston Dynamo,Los Angeles FC,0,0
2024-09-08 00:30:00+00:00,2024,Chicago Fire,DC United,1,2
2024-09-08 02:30:00+00:00,2024,Vancouver Whitecaps,FC Dallas,0,0
2024-09-14 23:30:00+00:00,2024,DC United,New York City FC,1,1
2024-09-14 23:30:00+00:00,2024,FC Cincinnati,Columbus Crew,0,0
2024-09-14 23:30:00+00:00,2024,Atlanta United,Nashville SC,0,2
2024-09-14 23:30:00+00:00,2024,Toronto FC,Austin FC,2,1
2024-09-14 23:30:00+00:00,2024,Orlando City SC,New England Revolution,3,0
2024-09-14 23:30:00+00:00,2024,CF Montréal,Charlotte FC,2,1
2024-09-14 23:30:00+00:00,2024,Inter Miami CF,Philadelphia Union,3,1
2024-09-15 00:30:00+00:00,2024,St.Louis City,Minnesota United,1,3
2024-09-15 00:30:00+00:00,2024,Houston Dynamo,Real Salt Lake,4,1
2024-09-15 00:30:00+00:00,2024,Chicago Fire,New York Red Bulls,2,1
2024-09-15 01:30:00+00:00,2024,Colorado Rapids,Portland Timbers,2,1
2024-09-15 02:30:00+00:00,2024,Vancouver Whitecaps,San Jose Earthquakes,2,0
2024-09-15 02:30:00+00:00,2024,LA Galaxy,Los Angeles FC,4,2
2024-09-15 23:15:00+00:00,2024,Seattle Sounders FC,Sporting Kansas City,2,0
2024-09-18 23:30:00+00:00,2024,Toronto FC,Columbus Crew,0,2
2024-09-18 23:30:00+00:00,2024,New England Revolution,CF Montréal,2,2
2024-09-18 23:30:00+00:00,2024,New York City FC,Philadelphia Union,1,5
2024-09-18 23:30:00+00:00,2024,Atlanta United,Inter Miami CF,2,2
2024-09-19 00:15:00+00:00,2024,Orlando City SC,Charlotte FC,2,0
2024-09-19 00:30:00+00:00,2024,Nashville SC,Chicago Fire,1,0
2024-09-19 00:30:00+00:00,2024,Minnesota United,FC Cincinnati,1,2
2024-09-19 00:30:00+00:00,2024,Sporting Kansas City,Colorado Rapids,4,1
2024-09-19 00:30:00+00:00,2024,Houston Dynamo,Vancouver Whitecaps,1,1
2024-09-19 01:30:00+00:00,2024,Real Salt Lake,FC Dallas,3,2
2024-09-19 02:30:00+00:00,2024,Seattle Sounders FC,San Jose Earthquakes,2,2
2024-09-19 02:30:00+00:00,2024,Portland Timbers,LA Galaxy,4,2
2024-09-19 02:30:00+00:00,2024,Los Angeles FC,Austin FC,1,1
2024-09-21 18:00:00+00:00,2024,New York City FC,Inter Miami CF,1,1
2024-09-21 20:00:00+00:00,2024,Charlotte FC,New England Revolution,4,0
2024-09-21 23:30:00+00:00,2024,New York Red Bulls,Atlanta United,2,2
2024-09-21 23:30:00+00:00,2024,CF Montréal,Chicago Fire,2,0
2024-09-21 23:30:00+00:00,2024,Columbus Crew,Orlando City SC,4,3
2024-09-22 00:30:00+00:00,2024,Nashville SC,FC Cincinnati,2,2
2024-09-22 00:30:00+00:00,2024,Sporting Kansas City,Minnesota United,0,2
2024-09-22 00:30:00+00:00,2024,FC Dallas,Los Angeles FC,3,1
2024-09-22 00:30:00+00:00,2024,Austin FC,Houston Dynamo,0,1
2024-09-22 01:30:00+00:00,2024,Real Salt Lake,Portland Timbers,3,3
2024-09-22 01:30:00+00:00,2024,Colorado Rapids,Toronto FC,2,0
2024-09-22 02:30:00+00:00,2024,San Jose Earthquakes,St.Louis City,1,2
2024-09-22 02:30:00+00:00,2024,LA Galaxy,Vancouver Whitecaps,4,2
2024-09-22 22:15:00+00:00,2024,Philadelphia Union,DC United,4,0
2024-09-28 23:30:00+00:00,2024,Philadelphia Union,Atlanta United,1,1
2024-09-28 23:30:00+00:00,2024,New York Red Bulls,New York City FC,1,5
2024-09-28 23:30:00+00:00,2024,New England Revolution,Nashville SC,1,0
2024-09-28 23:30:00+00:00,2024,CF Montréal,San Jose Earthquakes,3,0
2024-09-28 23:30:00+00:00,2024,Inter Miami CF,Charlotte FC,1,1
2024-09-28 23:30:00+00:00,2024,DC United,Columbus Crew,2,2
2024-09-28 23:30:00+00:00,2024,FC Cincinnati,Los Angeles FC,1,2
2024-09-29 00:30:00+00:00,2024,St.Louis City,Sporting Kansas City,3,1
2024-09-29 00:30:00+00:00,2024,Minnesota United,Colorado Rapids,3,0
2024-09-29 00:30:00+00:00,2024,FC Dallas,Orlando City SC,1,3
2024-09-29 00:30:00+00:00,2024,Chicago Fire,Toronto FC,1,1
2024-09-29 00:30:00+00:00,2024,Austin FC,Real Salt Lake,2,2
2024-09-29 02:30:00+00:00,2024,Seattle Sounders FC,Houston Dynamo,1,0
2024-09-29 02:30:00+00:00,2024,Vancouver Whitecaps,Portland Timbers,1,1
2024-10-02 23:30:00+00:00,2024,Toronto FC,New York Red Bulls,1,4
2024-10-02 23:30:00+00:00,2024,Orlando City SC,Philadelphia Union,2,1
2024-10-02 23:30:00+00:00,2024,New York City FC,FC Cincinnati,3,2
2024-10-02 23:30:00+00:00,2024,Charlotte FC,Chicago Fire,4,3
2024-10-02 23:30:00+00:00,2024,Atlanta United,CF Montréal,1,2
2024-10-02 23:45:00+00:00,2024,Columbus Crew,Inter Miami CF,2,3
2024-10-03 00:30:00+00:00,2024,Nashville SC,DC United,3,4
2024-10-03 00:30:00+00:00,2024,Houston Dynamo,New England Revolution,2,1
2024-10-03 01:30:00+00:00,2024,Real Salt Lake,Minnesota United,0,0
2024-10-03 01:30:00+00:00,2024,Colorado Rapids,LA Galaxy,1,3
2024-10-03 02:30:00+00:00,2024,Vancouver Whitecaps,Seattle Sounders FC,0,3
2024-10-03 02:30:00+00:00,2024,San Jose Earthquakes,FC Dallas,3,2
2024-10-03 02:30:00+00:00,2024,Portland Timbers,Austin FC,0,1
2024-10-03 02:30:00+00:00,2024,Los Angeles FC,St.Louis City,1,0
2024-10-05 20:00:00+00:00,2024,Toronto FC,Inter Miami CF,0,1
2024-10-05 23:30:00+00:00,2024,New England Revolution,DC United,1,2
2024-10-05 23:30:00+00:00,2024,Columbus Crew,Philadelphia Union,3,2
2024-10-05 23:30:00+00:00,2024,FC Cincinnati,Orlando City SC,1,3
2024-10-05 23:30:00+00:00,2024,Charlotte FC,CF Montréal,2,0
2024-10-05 23:30:00+00:00,2024,Atlanta United,New York Red Bulls,2,1
2024-10-05 23:30:00+00:00,2024,Vancouver Whitecaps,Minnesota United,0,1
2024-10-06 00:30:00+00:00,2024,St.Louis City,Houston Dynamo,3,0
2024-10-06 00:30:00+00:00,2024,Sporting Kansas City,Los Angeles FC,0,3
2024-10-06 01:30:00+00:00,2024,Colorado Rapids,Seattle Sounders FC,0,1
2024-10-06 02:30:00+00:00,2024,San Jose Earthquakes,Real Salt Lake,0,1
2024-10-06 02:30:00+00:00,2024,LA Galaxy,Austin FC,2,1
2024-10-06 20:25:00+00:00,2024,New York City FC,Nashville SC,3,1
2024-10-06 23:00:00+00:00,2024,Portland Timbers,FC Dallas,0,0
2024-10-12 23:30:00+00:00,2024,Columbus Crew,New England Revolution,4,0
2024-10-13 23:30:00+00:00,2024,Vancouver Whitecaps,Los Angeles FC,1,2
2024-10-19 22:00:00+00:00,2024,Philadelphia Union,FC Cincinnati,1,2
2024-10-19 22:00:00+00:00,2024,Orlando City SC,Atlanta United,1,2
2024-10-19 22:00:00+00:00,2024,New York Red Bulls,Columbus Crew,2,3
2024-10-19 22:00:00+00:00,2024,CF Montréal,New York City FC,2,0
2024-10-19 22:00:00+00:00,2024,Inter Miami CF,New England Revolution,6,2
2024-10-19 22:00:00+00:00,2024,DC United,Charlotte FC,0,3
2024-10-19 22:00:00+00:00,2024,Chicago Fire,Nashville SC,0,3
2024-10-20 01:00:00+00:00,2024,Seattle Sounders FC,Portland Timbers,1,1
2024-10-20 01:00:00+00:00,2024,Real Salt Lake,Vancouver Whitecaps,2,1
2024-10-20 01:00:00+00:00,2024,Minnesota United,St.Louis City,4,1
2024-10-20 01:00:00+00:00,2024,Los Angeles FC,San Jose Earthquakes,3,1
2024-10-20 01:00:00+00:00,2024,Houston Dynamo,LA Galaxy,2,1
2024-10-20 01:00:00+00:00,2024,FC Dallas,Sporting Kansas City,2,1
2024-10-20 01:00:00+00:00,2024,Austin FC,Colorado Rapids,3,2
2024-10-22 23:30:00+00:00,2024,CF Montréal,Atlanta United,2,2
2024-10-24 02:30:00+00:00,2024,Vancouver Whitecaps,Portland Timbers,5,0
2024-10-26 00:30:00+00:00,2024,Inter Miami CF,Atlanta United,2,1
2024-10-27 03:00:00+00:00,2024,LA Galaxy,Colorado Rapids,5,0
2024-10-27 23:30:00+00:00,2024,Orlando City SC,Charlotte FC,2,0
2024-10-28 01:45:00+00:00,2024,Los Angeles FC,Vancouver Whitecaps,2,1
2024-10-28 22:55:00+00:00,2024,FC Cincinnati,New York City FC,1,0
2024-10-29 00:50:00+00:00,2024,Seattle Sounders FC,Houston Dynamo,0,0
2024-10-29 22:45:00+00:00,2024,Columbus Crew,New York Red Bulls,0,1
2024-10-30 01:00:00+00:00,2024,Real Salt Lake,Minnesota United,0,0
2024-11-01 23:30:00+00:00,2024,Charlotte FC,Orlando City SC,0,0
2024-11-02 01:30:00+00:00,2024,Colorado Rapids,LA Galaxy,1,4
2024-11-02 21:00:00+00:00,2024,New York City FC,FC Cincinnati,3,1
2024-11-02 23:00:00+00:00,2024,Atlanta United,Inter Miami CF,2,1
2024-11-03 01:00:00+00:00,2024,Minnesota United,Real Salt Lake,1,1
2024-11-03 21:30:00+00:00,2024,New York Red Bulls,Columbus Crew,2,2
2024-11-03 23:30:00+00:00,2024,Houston Dynamo,Seattle Sounders FC,1,1
2024-11-04 01:45:00+00:00,2024,Vancouver Whitecaps,Los Angeles FC,3,0
2024-11-09 03:30:00+00:00,2024,Los Angeles FC,Vancouver Whitecaps,1,0
2024-11-09 21:00:00+00:00,2024,FC Cincinnati,New York City FC,0,0
2024-11-09 23:00:00+00:00,2024,Orlando City SC,Charlotte FC,1,1
2024-11-10 01:00:00+00:00,2024,Inter Miami CF,Atlanta United,2,3
2024-11-23 22:30:00+00:00,2024,New York City FC,New York Red Bulls,0,2
2024-11-24 03:30:00+00:00,2024,Los Angeles FC,Seattle Sounders FC,1,1
2024-11-24 20:30:00+00:00,2024,Orlando City SC,Atlanta United,1,0
2024-11-24 23:00:00+00:00,2024,LA Galaxy,Minnesota United,6,2
2024-12-01 00:30:00+00:00,2024,Orlando City SC,New York Red Bulls,0,1
2024-12-01 03:00:00+00:00,2024,LA Galaxy,Seattle Sounders FC,1,0
2024-12-07 21:00:00+00:00,2024,LA Galaxy,New York Red Bulls,2,1
2025-02-22 21:45:00+00:00,2025,Los Angeles FC,Minnesota United,1,0
2025-02-23 00:30:00+00:00,2025,DC United,Toronto FC,2,2
2025-02-23 00:30:00+00:00,2025,Orlando City SC,Philadelphia Union,2,4
2025-02-23 00:30:00+00:00,2025,Columbus Crew,Chicago Fire,4,2
2025-02-23 00:30:00+00:00,2025,FC Cincinnati,New York Red Bulls,1,0
2025-02-23 00:30:00+00:00,2025,Atlanta United,CF Montréal,3,2
2025-02-23 00:30:00+00:00,2025,Inter Miami CF,New York City FC,2,2
2025-02-23 01:30:00+00:00,2025,Nashville SC,New England Revolution,0,0
2025-02-23 01:30:00+00:00,2025,St.Louis City,Colorado Rapids,0,0
2025-02-23 01:30:00+00:00,2025,Houston Dynamo,FC Dallas,1,2
2025-02-23 01:30:00+00:00,2025,Austin FC,Sporting Kansas City,1,0
2025-02-23 03:30:00+00:00,2025,San Jose Earthquakes,Real Salt Lake,4,0
2025-02-23 03:30:00+00:00,2025,Seattle Sounders FC,Charlotte FC,2,2
2025-02-23 21:00:00+00:00,2025,Portland Timbers,Vancouver Whitecaps,1,4
2025-02-24 00:00:00+00:00,2025,LA Galaxy,San Diego FC,0,2
2025-03-01 19:15:00+00:00,2025,Charlotte FC,Atlanta United,2,0
2025-03-01 21:30:00+00:00,2025,Real Salt Lake,Seattle Sounders FC,2,0
2025-03-02 00:30:00+00:00,2025,Philadelphia Union,FC Cincinnati,4,1
2025-03-02 00:30:00+00:00,2025,Orlando City SC,Toronto FC,4,2
2025-03-02 00:30:00+00:00,2025,New England Revolution,Columbus Crew,0,1
2025-03-02 00:30:00+00:00,2025,New York Red Bulls,Nashville SC,2,0
2025-03-02 01:30:00+00:00,2025,Minnesota United,CF Montréal,1,0
2025-03-02 01:30:00+00:00,2025,Sporting Kansas City,San Jose Earthquakes,1,2
2025-03-02 01:30:00+00:00,2025,Chicago Fire,DC United,2,2
2025-03-02 02:30:00+00:00,2025,Colorado Rapids,FC Dallas,3,3
2025-03-02 03:30:00+00:00,2025,San Diego FC,St.Louis City,0,0
2025-03-02 03:30:00+00:00,2025,Portland Timbers,Austin FC,1,0
2025-03-02 03:30:00+00:00,2025,Los Angeles FC,New York City FC,1,0
2025-03-02 22:00:00+00:00,2025,Vancouver Whitecaps,LA Galaxy,2,1
2025-03-03 00:00:00+00:00,2025,Houston Dynamo,Inter Miami CF,1,4
2025-03-08 19:30:00+00:00,2025,Columbus Crew,Houston Dynamo,0,0
2025-03-08 21:45:00+00:00,2025,Seattle Sounders FC,Los Angeles FC,5,2
2025-03-09 00:30:00+00:00,2025,New York City FC,Orlando City SC,2,1
2025-03-09 00:30:00+00:00,2025,New England Revolution,Philadelphia Union,0,2
2025-03-09 00:30:00+00:00,2025,FC Cincinnati,Toronto FC,2,0
2025-03-09 00:30:00+00:00,2025,DC United,Sporting Kansas City,2,1
2025-03-09 00:30:00+00:00,2025,Atlanta United,New York Red Bulls,0,0
2025-03-09 01:30:00+00:00,2025,Nashville SC,Portland Timbers,2,0
2025-03-09 01:30:00+00:00,2025,FC Dallas,Chicago Fire,1,3
2025-03-09 01:30:00+00:00,2025,Austin FC,Colorado Rapids,0,1
2025-03-09 02:30:00+00:00,2025,Real Salt Lake,San Diego FC,1,3
2025-03-09 02:30:00+00:00,2025,Vancouver Whitecaps,CF Montréal,2,0
2025-03-09 03:30:00+00:00,2025,San Jose Earthquakes,Minnesota United,0,1
2025-03-09 20:00:00+00:00,2025,Inter Miami CF,Charlotte FC,1,0
2025-03-09 23:00:00+00:00,2025,LA Galaxy,St.Louis City,0,3
2025-03-15 18:30:00+00:00,2025,Toronto FC,Chicago Fire,1,2
2025-03-15 18:30:00+00:00,2025,New York Red Bulls,Orlando City SC,2,2
2025-03-15 19:45:00+00:00,2025,Los Angeles FC,Austin FC,0,1
2025-03-15 23:30:00+00:00,2025,New York City FC,New England Revolution,2,1
2025-03-15 23:30:00+00:00,2025,DC United,CF Montréal,0,0
2025-03-15 23:30:00+00:00,2025,Charlotte FC,FC Cincinnati,2,0
2025-03-16 00:15:00+00:00,2025,Sporting Kansas City,Minnesota United,3,3
2025-03-16 00:30:00+00:00,2025,FC Dallas,Vancouver Whitecaps,0,1
2025-03-16 00:30:00+00:00,2025,St.Louis City,Seattle Sounders FC,1,0
2025-03-16 00:30:00+00:00,2025,Houston Dynamo,Real Salt Lake,1,2
2025-03-16 02:30:00+00:00,2025,San Jose Earthquakes,Colorado Rapids,1,2
2025-03-16 02:30:00+00:00,2025,San Diego FC,Columbus Crew,1,1
2025-03-16 18:25:00+00:00,2025,Philadelphia Union,Nashville SC,1,3
2025-03-16 20:45:00+00:00,2025,Portland Timbers,LA Galaxy,1,1
2025-03-16 23:00:00+00:00,2025,Atlanta United,Inter Miami CF,1,2
2025-03-22 18:30:00+00:00,2025,FC Cincinnati,Atlanta United,2,2
2025-03-22 20:30:00+00:00,2025,Minnesota United,LA Galaxy,2,2
2025-03-22 23:30:00+00:00,2025,Philadelphia Union,St.Louis City,1,0
2025-03-22 23:30:00+00:00,2025,Orlando City SC,DC United,4,1
2025-03-22 23:30:00+00:00,2025,Columbus Crew,New York City FC,0,0
2025-03-22 23:30:00+00:00,2025,Charlotte FC,San Jose Earthquakes,4,1
2025-03-22 23:30:00+00:00,2025,New York Red Bulls,Toronto FC,2,1
2025-03-23 00:30:00+00:00,2025,Nashville SC,CF Montréal,3,0
2025-03-23 00:30:00+00:00,2025,Sporting Kansas City,Los Angeles FC,0,2
2025-03-23 01:30:00+00:00,2025,Real Salt Lake,FC Dallas,0,1
2025-03-23 01:30:00+00:00,2025,Colorado Rapids,Portland Timbers,0,3
2025-03-23 02:30:00+00:00,2025,Vancouver Whitecaps,Chicago Fire,1,3
2025-03-23 02:30:00+00:00,2025,Seattle Sounders FC,Houston Dynamo,0,0
2025-03-23 20:00:00+00:00,2025,Austin FC,San Diego FC,2,1
2025-03-29 18:30:00+00:00,2025,Toronto FC,Vancouver Whitecaps,0,0
2025-03-29 18:30:00+00:00,2025,New England Revolution,New York Red Bulls,2,1
2025-03-29 20:30:00+00:00,2025,Colorado Rapids,Charlotte FC,2,0
2025-03-29 23:30:00+00:00,2025,Inter Miami CF,Philadelphia Union,2,1
2025-03-29 23:30:00+00:00,2025,Atlanta United,New York City FC,4,3
2025-03-29 23:30:00+00:00,2025,DC United,Columbus Crew,1,2
2025-03-30 00:30:00+00:00,2025,Nashville SC,FC Cincinnati,1,2
2025-03-30 00:30:00+00:00,2025,Minnesota United,Real Salt Lake,2,0
2025-03-30 00:30:00+00:00,2025,FC Dallas,Sporting Kansas City,2,1
2025-03-30 00:30:00+00:00,2025,Chicago Fire,CF Montréal,1,1
2025-03-30 02:30:00+00:00,2025,San Jose Earthquakes,Seattle Sounders FC,1,1
2025-03-30 02:30:00+00:00,2025,San Diego FC,Los Angeles FC,3,2
2025-03-30 02:30:00+00:00,2025,LA Galaxy,Orlando City SC,1,2
2025-03-30 18:15:00+00:00,2025,St.Louis City,Austin FC,0,1
2025-03-30 23:00:00+00:00,2025,Portland Timbers,Houston Dynamo,3,1
2025-04-05 18:30:00+00:00,2025,Charlotte FC,Nashville SC,2,1
2025-04-05 20:30:00+00:00,2025,Real Salt Lake,LA Galaxy,2,0
2025-04-05 23:30:00+00:00,2025,Philadelphia Union,Orlando City SC,0,0
2025-04-05 23:30:00+00:00,2025,New York Red Bulls,Chicago Fire,2,1
2025-04-05 23:30:00+00:00,2025,Columbus Crew,CF Montréal,2,1
2025-04-05 23:30:00+00:00,2025,FC Cincinnati,New England Revolution,1,0
2025-04-05 23:30:00+00:00,2025,Atlanta United,FC Dallas,1,1
2025-04-05 23:45:00+00:00,2025,Austin FC,Portland Timbers,0,0
2025-04-06 00:30:00+00:00,2025,Sporting Kansas City,St.Louis City,2,0
2025-04-06 00:30:00+00:00,2025,Houston Dynamo,Los Angeles FC,1,0
2025-04-06 01:30:00+00:00,2025,Vancouver Whitecaps,Colorado Rapids,2,0
2025-04-06 02:30:00+00:00,2025,San Diego FC,Seattle Sounders FC,3,0
2025-04-06 19:00:00+00:00,2025,New York City FC,Minnesota United,1,2
2025-04-06 21:00:00+00:00,2025,San Jose Earthquakes,DC United,6,1
2025-04-06 23:00:00+00:00,2025,Inter Miami CF,Toronto FC,1,1
2025-04-12 18:30:00+00:00,2025,Toronto FC,Minnesota United,0,0
2025-04-12 18:45:00+00:00,2025,Atlanta United,New England Revolution,0,1
2025-04-12 20:30:00+00:00,2025,Orlando City SC,New York Red Bulls,0,0
2025-04-12 23:30:00+00:00,2025,Vancouver Whitecaps,Austin FC,5,1
2025-04-12 23:30:00+00:00,2025,New York City FC,Philadelphia Union,1,0
2025-04-12 23:30:00+00:00,2025,CF Montréal,Charlotte FC,0,1
2025-04-12 23:30:00+00:00,2025,DC United,FC Cincinnati,0,1
2025-04-13 00:30:00+00:00,2025,Nashville SC,Real Salt Lake,2,1
2025-04-13 00:30:00+00:00,2025,FC Dallas,Seattle Sounders FC,0,1
2025-04-13 01:30:00+00:00,2025,Colorado Rapids,San Diego FC,3,2
2025-04-13 02:30:00+00:00,2025,Los Angeles FC,San Jose Earthquakes,2,1
2025-04-13 02:30:00+00:00,2025,LA Galaxy,Houston Dynamo,1,1
2025-04-13 18:15:00+00:00,2025,Sporting Kansas City,Portland Timbers,2,4
2025-04-13 20:30:00+00:00,2025,Chicago Fire,Inter Miami CF,0,0
2025-04-13 23:00:00+00:00,2025,St.Louis City,Columbus Crew,1,2
2025-04-19 17:45:00+00:00,2025,Austin FC,LA Galaxy,1,0
2025-04-19 20:30:00+00:00,2025,Columbus Crew,Inter Miami CF,0,1
2025-04-19 23:30:00+00:00,2025,Seattle Sounders FC,Nashville SC,3,0
2025-04-19 23:30:00+00:00,2025,Philadelphia Union,Atlanta United,3,0
2025-04-19 23:30:00+00:00,2025,New York Red Bulls,DC United,1,2
2025-04-19 23:30:00+00:00,2025,New England Revolution,New York City FC,2,0
2025-04-19 23:30:00+00:00,2025,CF Montréal,Orlando City SC,0,0
2025-04-19 23:30:00+00:00,2025,Charlotte FC,San Diego FC,3,0
2025-04-20 00:30:00+00:00,2025,St.Louis City,Vancouver Whitecaps,0,0
2025-04-20 00:30:00+00:00,2025,Minnesota United,FC Dallas,0,0
2025-04-20 00:30:00+00:00,2025,Houston Dynamo,Colorado Rapids,2,2
2025-04-20 00:30:00+00:00,2025,Chicago Fire,FC Cincinnati,2,3
2025-04-20 01:30:00+00:00,2025,Real Salt Lake,Toronto FC,0,1
2025-04-20 02:15:00+00:00,2025,Portland Timbers,Los Angeles FC,3,3
2025-04-20 02:30:00+00:00,2025,San Jose Earthquakes,Sporting Kansas City,3,5
2025-04-26 18:30:00+00:00,2025,Toronto FC,New York City FC,0,1
2025-04-26 18:30:00+00:00,2025,FC Cincinnati,Sporting Kansas City,2,1
2025-04-26 20:30:00+00:00,2025,Philadelphia Union,DC United,3,0
2025-04-26 20:30:00+00:00,2025,New York Red Bulls,CF Montréal,1,0
2025-04-26 23:15:00+00:00,2025,Orlando City SC,Atlanta United,3,0
2025-04-26 23:30:00+00:00,2025,San Diego FC,Real Salt Lake,1,3
2025-04-26 23:30:00+00:00,2025,Columbus Crew,San Jose Earthquakes,2,1
2025-04-26 23:30:00+00:00,2025,Charlotte FC,New England Revolution,0,1
2025-04-27 00:30:00+00:00,2025,Nashville SC,Chicago Fire,7,2
2025-04-27 00:30:00+00:00,2025,Houston Dynamo,Austin FC,2,0
2025-04-27 01:30:00+00:00,2025,Colorado Rapids,Seattle Sounders FC,1,1
2025-04-27 19:00:00+00:00,2025,Minnesota United,Vancouver Whitecaps,1,3
2025-04-27 21:00:00+00:00,2025,Inter Miami CF,FC Dallas,3,4
2025-04-27 23:00:00+00:00,2025,Los Angeles FC,St.Louis City,2,2
2025-04-28 01:00:00+00:00,2025,LA Galaxy,Portland Timbers,2,4
2025-05-03 18:45:00+00:00,2025,Atlanta United,Nashville SC,1,1
2025-05-03 20:30:00+00:00,2025,Toronto FC,New England Revolution,0,2
2025-05-03 23:30:00+00:00,2025,CF Montréal,Philadelphia Union,1,2
2025-05-03 23:30:00+00:00,2025,Inter Miami CF,New York Red Bulls,4,1
2025-05-03 23:30:00+00:00,2025,DC United,Colorado Rapids,2,1
2025-05-03 23:30:00+00:00,2025,Columbus Crew,Charlotte FC,4,2
2025-05-04 00:30:00+00:00,2025,Chicago Fire,Orlando City SC,0,0
2025-05-04 00:30:00+00:00,2025,Austin FC,Minnesota United,0,3
2025-05-04 01:15:00+00:00,2025,San Diego FC,FC Dallas,5,0
2025-05-04 01:30:00+00:00,2025,Vancouver Whitecaps,Real Salt Lake,2,1
2025-05-04 02:30:00+00:00,2025,Seattle Sounders FC,St.Louis City,4,1
2025-05-04 02:30:00+00:00,2025,San Jose Earthquakes,Portland Timbers,4,1
2025-05-04 02:30:00+00:00,2025,Los Angeles FC,Houston Dynamo,2,0
2025-05-04 19:00:00+00:00,2025,New York City FC,FC Cincinnati,1,0
2025-05-04 23:00:00+00:00,2025,Sporting Kansas City,LA Galaxy,1,0
2025-05-10 18:30:00+00:00,2025,Chicago Fire,Atlanta United,2,1
2025-05-10 20:30:00+00:00,2025,Toronto FC,DC United,2,0
2025-05-10 20:30:00+00:00,2025,Minnesota United,Inter Miami CF,4,1
2025-05-10 23:30:00+00:00,2025,Philadelphia Union,Columbus Crew,2,2
2025-05-10 23:30:00+00:00,2025,Orlando City SC,New England Revolution,3,3
2025-05-10 23:30:00+00:00,2025,New York City FC,CF Montréal,0,1
2025-05-10 23:30:00+00:00,2025,New York Red Bulls,LA Galaxy,7,0
2025-05-10 23:30:00+00:00,2025,FC Cincinnati,Austin FC,2,1
2025-05-11 00:30:00+00:00,2025,St.Louis City,San Diego FC,1,2
2025-05-11 00:30:00+00:00,2025,Nashville SC,Charlotte FC,2,1
2025-05-11 00:30:00+00:00,2025,Houston Dynamo,Seattle Sounders FC,1,3
2025-05-11 00:30:00+00:00,2025,FC Dallas,Real Salt Lake,1,1
2025-05-11 01:30:00+00:00,2025,Colorado Rapids,San Jose Earthquakes,0,2
2025-05-11 02:30:00+00:00,2025,Portland Timbers,Sporting Kansas City,1,0
2025-05-11 23:00:00+00:00,2025,Vancouver Whitecaps,Los Angeles FC,2,2
2025-05-14 23:30:00+00:00,2025,Toronto FC,FC Cincinnati,0,1
2025-05-14 23:30:00+00:00,2025,Philadelphia Union,LA Galaxy,3,2
2025-05-14 23:30:00+00:00,2025,Orlando City SC,Charlotte FC,3,1
2025-05-14 23:30:00+00:00,2025,CF Montréal,Columbus Crew,1,1
2025-05-14 23:30:00+00:00,2025,DC United,New York City FC,0,0
2025-05-15 00:30:00+00:00,2025,Nashville SC,New York Red Bulls,2,1
2025-05-15 00:30:00+00:00,2025,Houston Dynamo,Minnesota United,2,0
2025-05-15 00:45:00+00:00,2025,St.Louis City,Sporting Kansas City,2,2
2025-05-15 01:00:00+00:00,2025,Austin FC,Atlanta United,1,1
2025-05-15 01:30:00+00:00,2025,Real Salt Lake,Portland Timbers,0,0
2025-05-15 02:30:00+00:00,2025,San Jose Earthquakes,Inter Miami CF,3,3
2025-05-15 02:30:00+00:00,2025,San Diego FC,Colorado Rapids,2,0
2025-05-15 02:30:00+00:00,2025,Los Angeles FC,Seattle Sounders FC,4,0
2025-05-17 18:30:00+00:00,2025,CF Montréal,Toronto FC,1,6
2025-05-17 20:30:00+00:00,2025,New York City FC,New York Red Bulls,2,0
2025-05-17 23:15:00+00:00,2025,Columbus Crew,FC Cincinnati,1,1
2025-05-17 23:30:00+00:00,2025,New England Revolution,San Jose Earthquakes,0,0
2025-05-17 23:30:00+00:00,2025,Charlotte FC,Chicago Fire,1,4
2025-05-17 23:30:00+00:00,2025,Atlanta United,Philadelphia Union,0,1
2025-05-18 00:30:00+00:00,2025,Austin FC,Vancouver Whitecaps,0,0
2025-05-18 00:30:00+00:00,2025,Nashville SC,DC United,0,0
2025-05-18 00:30:00+00:00,2025,Minnesota United,St.Louis City,3,0
2025-05-18 01:25:00+00:00,2025,FC Dallas,Houston Dynamo,0,2
2025-05-18 01:30:00+00:00,2025,Portland Timbers,Seattle Sounders FC,1,1
2025-05-18 01:30:00+00:00,2025,Colorado Rapids,Real Salt Lake,1,0
2025-05-18 02:30:00+00:00,2025,San Diego FC,Sporting Kansas City,0,0
2025-05-18 23:00:00+00:00,2025,Inter Miami CF,Orlando City SC,0,3
2025-05-19 01:00:00+00:00,2025,LA Galaxy,Los Angeles FC,2,2
2025-05-24 19:00:00+00:00,2025,Seattle Sounders FC,FC Dallas,1,0
2025-05-24 20:45:00+00:00,2025,San Diego FC,LA Galaxy,2,1
2025-05-24 23:30:00+00:00,2025,Toronto FC,Nashville SC,1,2
2025-05-24 23:30:00+00:00,2025,Philadelphia Union,Inter Miami CF,3,3
2025-05-24 23:30:00+00:00,2025,Orlando City SC,Portland Timbers,1,0
2025-05-24 23:30:00+00:00,2025,CF Montréal,Los Angeles FC,2,2
2025-05-24 23:30:00+00:00,2025,DC United,New York Red Bulls,0,2
2025-05-24 23:30:00+00:00,2025,Charlotte FC,Columbus Crew,3,2
2025-05-25 00:30:00+00:00,2025,Minnesota United,Austin FC,1,1
2025-05-25 00:30:00+00:00,2025,Sporting Kansas City,New England Revolution,3,3
2025-05-25 01:30:00+00:00,2025,Real Salt Lake,Vancouver Whitecaps,2,3
2025-05-25 01:30:00+00:00,2025,Colorado Rapids,St.Louis City,1,0
2025-05-25 02:30:00+00:00,2025,San Jose Earthquakes,Houston Dynamo,3,3
2025-05-25 19:00:00+00:00,2025,New York City FC,Chicago Fire,3,1
2025-05-25 23:00:00+00:00,2025,Atlanta United,FC Cincinnati,4,2
2025-05-28 23:30:00+00:00,2025,Toronto FC,Philadelphia Union,1,2
2025-05-28 23:30:00+00:00,2025,New York City FC,Houston Dynamo,0,3
2025-05-28 23:30:00+00:00,2025,New York Red Bulls,Charlotte FC,4,2
2025-05-28 23:30:00+00:00,2025,Inter Miami CF,CF Montréal,4,2
2025-05-28 23:30:00+00:00,2025,DC United,New England Revolution,1,1
2025-05-28 23:30:00+00:00,2025,FC Cincinnati,FC Dallas,3,3
2025-05-28 23:30:00+00:00,2025,Atlanta United,Orlando City SC,3,2
2025-05-29 00:00:00+00:00,2025,Columbus Crew,Nashville SC,2,2
2025-05-29 00:30:00+00:00,2025,Seattle Sounders FC,San Diego FC,1,0
2025-05-29 01:00:00+00:00,2025,Austin FC,Real Salt Lake,1,1
2025-05-29 02:15:00+00:00,2025,LA Galaxy,San Jose Earthquakes,0,1
2025-05-29 02:30:00+00:00,2025,Vancouver Whitecaps,Minnesota United,0,0
2025-05-29 02:30:00+00:00,2025,Portland Timbers,Colorado Rapids,1,1
2025-05-31 18:30:00+00:00,2025,St.Louis City,San Jose Earthquakes,2,1
2025-05-31 20:30:00+00:00,2025,Nashville SC,New York City FC,2,2
2025-05-31 23:30:00+00:00,2025,Toronto FC,Charlotte FC,0,2
2025-05-31 23:30:00+00:00,2025,Orlando City SC,Chicago Fire,1,3
2025-05-31 23:30:00+00:00,2025,New York Red Bulls,Atlanta United,2,0
2025-05-31 23:30:00+00:00,2025,CF Montréal,New England Revolution,0,3
2025-05-31 23:30:00+00:00,2025,Inter Miami CF,Columbus Crew,5,1
2025-05-31 23:30:00+00:00,2025,FC Cincinnati,DC United,1,2
2025-06-01 00:30:00+00:00,2025,Houston Dynamo,Sporting Kansas City,1,3
2025-06-01 00:30:00+00:00,2025,FC Dallas,Philadelphia Union,0,0
2025-06-01 02:30:00+00:00,2025,San Diego FC,Austin FC,1,0
2025-06-01 02:30:00+00:00,2025,LA Galaxy,Real Salt Lake,2,0
2025-06-01 22:00:00+00:00,2025,Seattle Sounders FC,Minnesota United,2,3
2025-06-07 23:30:00+00:00,2025,DC United,Chicago Fire,1,7
2025-06-08 01:30:00+00:00,2025,Colorado Rapids,Austin FC,0,2
2025-06-08 23:00:00+00:00,2025,Portland Timbers,St.Louis City,2,1
2025-06-09 01:00:00+00:00,2025,Los Angeles FC,Sporting Kansas City,3,1
2025-06-09 01:00:00+00:00,2025,Vancouver Whitecaps,Seattle Sounders FC,3,0
2025-06-12 23:30:00+00:00,2025,New York City FC,Atlanta United,4,0
2025-06-14 02:30:00+00:00,2025,Portland Timbers,San Jose Earthquakes,0,0
2025-06-14 20:30:00+00:00,2025,St.Louis City,LA Galaxy,3,3
2025-06-14 23:30:00+00:00,2025,Philadelphia Union,Charlotte FC,2,1
2025-06-14 23:30:00+00:00,2025,New England Revolution,FC Cincinnati,0,1
2025-06-14 23:30:00+00:00,2025,Columbus Crew,Vancouver Whitecaps,2,1
2025-06-15 00:30:00+00:00,2025,Minnesota United,San Diego FC,2,4
2025-06-15 00:30:00+00:00,2025,Sporting Kansas City,FC Dallas,2,4
2025-06-15 00:30:00+00:00,2025,Houston Dynamo,CF Montréal,1,3
2025-06-15 00:30:00+00:00,2025,Chicago Fire,Nashville SC,0,2
2025-06-15 00:30:00+00:00,2025,Austin FC,New York Red Bulls,2,1
2025-06-15 01:30:00+00:00,2025,Real Salt Lake,DC United,2,0
2025-06-15 01:30:00+00:00,2025,Colorado Rapids,Orlando City SC,0,1
2025-06-25 23:30:00+00:00,2025,Toronto FC,New York Red Bulls,1,1
2025-06-25 23:30:00+00:00,2025,New England Revolution,Nashville SC,2,3
2025-06-25 23:30:00+00:00,2025,CF Montréal,FC Cincinnati,1,3
2025-06-25 23:30:00+00:00,2025,Columbus Crew,Atlanta United,3,1
2025-06-26 00:30:00+00:00,2025,St.Louis City,Orlando City SC,2,4
2025-06-26 00:30:00+00:00,2025,Minnesota United,Houston Dynamo,3,1
2025-06-26 00:30:00+00:00,2025,Sporting Kansas City,Charlotte FC,2,1
2025-06-26 00:30:00+00:00,2025,FC Dallas,San Jose Earthquakes,2,4
2025-06-26 00:30:00+00:00,2025,Chicago Fire,Philadelphia Union,0,1
2025-06-26 01:30:00+00:00,2025,Colorado Rapids,LA Galaxy,1,0
2025-06-26 02:30:00+00:00,2025,Vancouver Whitecaps,San Diego FC,2,4
2025-06-28 23:30:00+00:00,2025,Toronto FC,Portland Timbers,3,0
2025-06-28 23:30:00+00:00,2025,Orlando City SC,FC Cincinnati,1,2
2025-06-28 23:30:00+00:00,2025,New York Red Bulls,Minnesota United,2,2
2025-06-28 23:30:00+00:00,2025,New England Revolution,Colorado Rapids,3,3
2025-06-28 23:30:00+00:00,2025,CF Montréal,New York City FC,1,0
2025-06-28 23:30:00+00:00,2025,DC United,Nashville SC,0,1
2025-06-29 00:30:00+00:00,2025,Sporting Kansas City,Real Salt Lake,1,1
2025-06-29 00:30:00+00:00,2025,Houston Dynamo,St.Louis City,1,0
2025-06-29 00:30:00+00:00,2025,FC Dallas,San Diego FC,2,3
2025-06-29 00:30:00+00:00,2025,Chicago Fire,Charlotte FC,3,2
2025-06-29 02:30:00+00:00,2025,Seattle Sounders FC,Austin FC,2,0
2025-06-29 02:30:00+00:00,2025,San Jose Earthquakes,LA Galaxy,1,1
2025-06-29 22:00:00+00:00,2025,Columbus Crew,Philadelphia Union,1,0
2025-06-30 01:30:00+00:00,2025,Los Angeles FC,Vancouver Whitecaps,0,1
2025-07-03 23:30:00+00:00,2025,New York City FC,Toronto FC,3,1
2025-07-05 00:45:00+00:00,2025,FC Dallas,Minnesota United,1,2
2025-07-05 01:30:00+00:00,2025,Colorado Rapids,Sporting Kansas City,1,2
2025-07-05 02:30:00+00:00,2025,LA Galaxy,Vancouver Whitecaps,2,0
2025-07-05 23:15:00+00:00,2025,Charlotte FC,Orlando City SC,2,2
2025-07-05 23:30:00+00:00,2025,CF Montréal,Inter Miami CF,1,4
2025-07-05 23:30:00+00:00,2025,DC United,Atlanta United,0,0
2025-07-05 23:30:00+00:00,2025,FC Cincinnati,Chicago Fire,2,1
2025-07-06 00:30:00+00:00,2025,Nashville SC,Philadelphia Union,1,0
2025-07-06 01:30:00+00:00,2025,Real Salt Lake,St.Louis City,3,2
2025-07-06 02:30:00+00:00,2025,San Jose Earthquakes,New York Red Bulls,1,1
2025-07-06 02:30:00+00:00,2025,San Diego FC,Houston Dynamo,3,4
2025-07-06 02:30:00+00:00,2025,Portland Timbers,New England Revolution,2,1
2025-07-06 21:00:00+00:00,2025,Seattle Sounders FC,Columbus Crew,1,1
2025-07-09 23:30:00+00:00,2025,New England Revolution,Inter Miami CF,1,2
2025-07-10 02:25:00+00:00,2025,Los Angeles FC,Colorado Rapids,3,0
2025-07-12 23:30:00+00:00,2025,Toronto FC,Atlanta United,1,1
2025-07-12 23:30:00+00:00,2025,Philadelphia Union,New York Red Bulls,2,0
2025-07-12 23:30:00+00:00,2025,Orlando City SC,CF Montréal,1,1
2025-07-12 23:30:00+00:00,2025,Charlotte FC,New York City FC,2,0
2025-07-12 23:45:00+00:00,2025,Inter Miami CF,Nashville SC,2,1
2025-07-13 00:30:00+00:00,2025,Minnesota United,San Jose Earthquakes,4,1
2025-07-13 00:30:00+00:00,2025,Sporting Kansas City,Seattle Sounders FC,2,3
2025-07-13 00:30:00+00:00,2025,Chicago Fire,San Diego FC,1,2
2025-07-13 00:30:00+00:00,2025,Austin FC,New England Revolution,0,0
2025-07-13 00:35:00+00:00,2025,FC Cincinnati,Columbus Crew,2,4
2025-07-13 01:30:00+00:00,2025,Real Salt Lake,Houston Dynamo,1,0
2025-07-13 01:30:00+00:00,2025,Colorado Rapids,Vancouver Whitecaps,3,0
2025-07-13 02:30:00+00:00,2025,Los Angeles FC,FC Dallas,2,0
2025-07-13 02:30:00+00:00,2025,LA Galaxy,DC United,2,1
2025-07-13 23:00:00+00:00,2025,St.Louis City,Portland Timbers,2,1
2025-07-16 23:30:00+00:00,2025,Philadelphia Union,CF Montréal,2,1
2025-07-16 23:30:00+00:00,2025,New York Red Bulls,New England Revolution,5,3
2025-07-16 23:30:00+00:00,2025,FC Cincinnati,Inter Miami CF,3,0
2025-07-16 23:30:00+00:00,2025,Charlotte FC,DC United,2,1
2025-07-16 23:30:00+00:00,2025,Atlanta United,Chicago Fire,2,2
2025-07-17 00:15:00+00:00,2025,Orlando City SC,New York City FC,1,2
2025-07-17 00:30:00+00:00,2025,Nashville SC,Columbus Crew,3,0
2025-07-17 00:30:00+00:00,2025,Minnesota United,Los Angeles FC,0,1
2025-07-17 00:30:00+00:00,2025,Houston Dynamo,Vancouver Whitecaps,0,3
2025-07-17 02:15:00+00:00,2025,Seattle Sounders FC,Colorado Rapids,3,3
2025-07-17 02:30:00+00:00,2025,San Jose Earthquakes,FC Dallas,2,2
2025-07-17 02:30:00+00:00,2025,San Diego FC,Toronto FC,0,1
2025-07-17 02:30:00+00:00,2025,Portland Timbers,Real Salt Lake,0,1
2025-07-17 02:30:00+00:00,2025,LA Galaxy,Austin FC,0,2
2025-07-19 23:30:00+00:00,2025,New York Red Bulls,Inter Miami CF,1,5
2025-07-19 23:30:00+00:00,2025,New England Revolution,Orlando City SC,1,2
2025-07-19 23:30:00+00:00,2025,CF Montréal,Chicago Fire,0,2
2025-07-19 23:30:00+00:00,2025,Columbus Crew,DC United,2,1
2025-07-19 23:30:00+00:00,2025,Atlanta United,Charlotte FC,2,3
2025-07-20 00:30:00+00:00,2025,Seattle Sounders FC,San Jose Earthquakes,3,2
2025-07-20 00:30:00+00:00,2025,Nashville SC,Toronto FC,1,0
2025-07-20 00:30:00+00:00,2025,Sporting Kansas City,New York City FC,1,1
2025-07-20 00:30:00+00:00,2025,Houston Dynamo,Philadelphia Union,1,1
2025-07-20 00:30:00+00:00,2025,FC Dallas,St.Louis City,3,0
2025-07-20 01:30:00+00:00,2025,Real Salt Lake,FC Cincinnati,0,1
2025-07-20 02:30:00+00:00,2025,San Diego FC,Vancouver Whitecaps,1,1
2025-07-20 02:30:00+00:00,2025,Portland Timbers,Minnesota United,1,1
2025-07-20 02:30:00+00:00,2025,Los Angeles FC,LA Galaxy,3,3
2025-07-25 23:30:00+00:00,2025,New England Revolution,CF Montréal,1,3
2025-07-26 00:30:00+00:00,2025,FC Dallas,New York City FC,3,4
2025-07-26 00:30:00+00:00,2025,Columbus Crew,Orlando City SC,1,3
2025-07-26 02:30:00+00:00,2025,San Diego FC,Nashville SC,1,0
2025-07-26 02:30:00+00:00,2025,Los Angeles FC,Portland Timbers,0,1
2025-07-26 23:15:00+00:00,2025,Inter Miami CF,FC Cincinnati,0,0
2025-07-26 23:30:00+00:00,2025,Philadelphia Union,Colorado Rapids,3,1
2025-07-26 23:30:00+00:00,2025,DC United,Austin FC,2,4
2025-07-26 23:30:00+00:00,2025,Charlotte FC,Toronto FC,2,0
2025-07-26 23:30:00+00:00,2025,Atlanta United,Seattle Sounders FC,2,2
2025-07-27 00:30:00+00:00,2025,St.Louis City,Minnesota United,1,2
2025-07-27 00:30:00+00:00,2025,Chicago Fire,New York Red Bulls,1,0
2025-07-27 01:30:00+00:00,2025,Real Salt Lake,San Jose Earthquakes,2,1
2025-07-27 02:30:00+00:00,2025,Vancouver Whitecaps,Sporting Kansas City,3,0
2025-08-09 23:30:00+00:00,2025,Philadelphia Union,Toronto FC,1,1
2025-08-09 23:30:00+00:00,2025,New England Revolution,DC United,2,0
2025-08-09 23:30:00+00:00,2025,CF Montréal,Atlanta United,1,1
2025-08-10 00:30:00+00:00,2025,St.Louis City,Nashville SC,3,1
2025-08-10 00:30:00+00:00,2025,FC Dallas,Portland Timbers,2,0
2025-08-10 00:30:00+00:00,2025,Chicago Fire,Los Angeles FC,2,2
2025-08-10 00:30:00+00:00,2025,Austin FC,Houston Dynamo,2,2
2025-08-10 00:45:00+00:00,2025,Sporting Kansas City,San Diego FC,0,2
2025-08-10 02:30:00+00:00,2025,San Jose Earthquakes,Vancouver Whitecaps,2,1
2025-08-10 22:00:00+00:00,2025,New York Red Bulls,Real Salt Lake,2,1
2025-08-10 22:00:00+00:00,2025,Minnesota United,Colorado Rapids,1,2
2025-08-10 22:00:00+00:00,2025,FC Cincinnati,Charlotte FC,0,1
2025-08-11 00:00:00+00:00,2025,Orlando City SC,Inter Miami CF,4,1
2025-08-11 02:00:00+00:00,2025,LA Galaxy,Seattle Sounders FC,0,4
2025-08-16 23:30:00+00:00,2025,CF Montréal,DC United,1,1
2025-08-16 23:30:00+00:00,2025,Inter Miami CF,LA Galaxy,3,1
2025-08-16 23:30:00+00:00,2025,Charlotte FC,Real Salt Lake,1,0
2025-08-16 23:30:00+00:00,2025,Toronto FC,Columbus Crew,1,1
2025-08-16 23:30:00+00:00,2025,New York Red Bulls,Philadelphia Union,1,0
2025-08-16 23:30:00+00:00,2025,New England Revolution,Los Angeles FC,0,2
2025-08-17 00:30:00+00:00,2025,Austin FC,FC Dallas,1,1
2025-08-17 00:30:00+00:00,2025,Minnesota United,Seattle Sounders FC,1,0
2025-08-17 00:30:00+00:00,2025,Chicago Fire,St.Louis City,3,2
2025-08-17 01:30:00+00:00,2025,Colorado Rapids,Atlanta United,3,1
2025-08-17 02:30:00+00:00,2025,Portland Timbers,FC Cincinnati,2,3
2025-08-17 02:40:00+00:00,2025,Orlando City SC,Sporting Kansas City,3,1
2025-08-17 21:00:00+00:00,2025,New York City FC,Nashville SC,2,1
2025-08-17 23:00:00+00:00,2025,San Jose Earthquakes,San Diego FC,1,2
2025-08-18 01:00:00+00:00,2025,Vancouver Whitecaps,Houston Dynamo,1,1
2025-08-23 23:30:00+00:00,2025,Columbus Crew,New England Revolution,1,2
2025-08-23 23:30:00+00:00,2025,Philadelphia Union,Chicago Fire,4,0
2025-08-23 23:30:00+00:00,2025,DC United,Inter Miami CF,1,1
2025-08-23 23:30:00+00:00,2025,CF Montréal,Austin FC,3,2
2025-08-23 23:30:00+00:00,2025,FC Cincinnati,New York City FC,0,1
2025-08-24 00:30:00+00:00,2025,Houston Dynamo,San Jose Earthquakes,1,2
2025-08-24 00:30:00+00:00,2025,Nashville SC,Orlando City SC,5,1
2025-08-24 00:30:00+00:00,2025,FC Dallas,Los Angeles FC,1,1
2025-08-24 01:30:00+00:00,2025,Vancouver Whitecaps,St.Louis City,3,2
2025-08-24 01:30:00+00:00,2025,Real Salt Lake,Minnesota United,1,3
2025-08-24 02:30:00+00:00,2025,San Diego FC,Portland Timbers,0,0
2025-08-24 02:30:00+00:00,2025,LA Galaxy,Colorado Rapids,3,0
2025-08-24 20:00:00+00:00,2025,Atlanta United,Toronto FC,0,0
2025-08-24 23:00:00+00:00,2025,Charlotte FC,New York Red Bulls,1,0
2025-08-25 01:15:00+00:00,2025,Seattle Sounders FC,Sporting Kansas City,5,2
2025-08-30 23:30:00+00:00,2025,New England Revolution,Charlotte FC,1,2
2025-08-30 23:30:00+00:00,2025,FC Cincinnati,Philadelphia Union,0,1
2025-08-30 23:30:00+00:00,2025,New York City FC,DC United,1,2
2025-08-30 23:30:00+00:00,2025,Toronto FC,CF Montréal,1,1
2025-08-30 23:30:00+00:00,2025,New York Red Bulls,Columbus Crew,0,0
2025-08-31 00:30:00+00:00,2025,Nashville SC,Atlanta United,0,1
2025-08-31 00:30:00+00:00,2025,St.Louis City,Houston Dynamo,2,3
2025-08-31 00:30:00+00:00,2025,Minnesota United,Portland Timbers,1,1
2025-08-31 00:30:00+00:00,2025,Austin FC,San Jose Earthquakes,3,1
2025-08-31 00:30:00+00:00,2025,Sporting Kansas City,Colorado Rapids,4,2
2025-09-01 02:45:00+00:00,2025,Los Angeles FC,San Diego FC,1,2
2025-09-07 00:30:00+00:00,2025,Houston Dynamo,LA Galaxy,1,1
2025-09-07 00:30:00+00:00,2025,St.Louis City,FC Dallas,1,1
2025-09-07 00:30:00+00:00,2025,Chicago Fire,New England Revolution,3,2
2025-09-07 23:00:00+00:00,2025,Sporting Kansas City,Austin FC,1,2
2025-09-13 23:30:00+00:00,2025,New England Revolution,Toronto FC,1,1
2025-09-13 23:30:00+00:00,2025,CF Montréal,St.Louis City,0,2
2025-09-13 23:30:00+00:00,2025,DC United,Orlando City SC,1,1
2025-09-13 23:30:00+00:00,2025,FC Cincinnati,Nashville SC,2,1
2025-09-13 23:30:00+00:00,2025,Charlotte FC,Inter Miami CF,3,0
2025-09-13 23:30:00+00:00,2025,Atlanta United,Columbus Crew,4,5
2025-09-14 00:30:00+00:00,2025,Seattle Sounders FC,LA Galaxy,2,2
2025-09-14 00:30:00+00:00,2025,San Jose Earthquakes,Los Angeles FC,2,4
2025-09-14 00:30:00+00:00,2025,FC Dallas,Austin FC,2,0
2025-09-14 00:30:00+00:00,2025,Chicago Fire,New York City FC,1,3
2025-09-14 01:30:00+00:00,2025,Real Salt Lake,Sporting Kansas City,2,1
2025-09-14 01:30:00+00:00,2025,Colorado Rapids,Houston Dynamo,2,1
2025-09-14 01:35:00+00:00,2025,Vancouver Whitecaps,Philadelphia Union,7,0
2025-09-14 02:30:00+00:00,2025,San Diego FC,Minnesota United,1,3
2025-09-14 02:30:00+00:00,2025,Portland Timbers,New York Red Bulls,2,1
2025-09-16 23:30:00+00:00,2025,Inter Miami CF,Seattle Sounders FC,3,1
2025-09-17 23:30:00+00:00,2025,New York City FC,Columbus Crew,3,2
2025-09-18 01:30:00+00:00,2025,Real Salt Lake,Los Angeles FC,1,4
2025-09-20 16:00:00+00:00,2025,New York City FC,Charlotte FC,2,0
2025-09-20 18:30:00+00:00,2025,Philadelphia Union,New England Revolution,1,0
2025-09-20 20:30:00+00:00,2025,Atlanta United,San Diego FC,1,1
2025-09-20 23:30:00+00:00,2025,Columbus Crew,Toronto FC,1,1
2025-09-20 23:30:00+00:00,2025,CF Montréal,New York Red Bulls,0,2
2025-09-20 23:30:00+00:00,2025,Orlando City SC,Nashville SC,3,2
2025-09-20 23:30:00+00:00,2025,Inter Miami CF,DC United,3,2
2025-09-21 00:30:00+00:00,2025,Sporting Kansas City,Vancouver Whitecaps,0,2
2025-09-21 00:30:00+00:00,2025,FC Dallas,Colorado Rapids,3,1
2025-09-21 00:30:00+00:00,2025,Houston Dynamo,Portland Timbers,1,0
2025-09-21 00:30:00+00:00,2025,Minnesota United,Chicago Fire,0,3
2025-09-21 02:30:00+00:00,2025,LA Galaxy,FC Cincinnati,2,3
2025-09-21 02:30:00+00:00,2025,San Jose Earthquakes,St.Louis City,1,3
2025-09-21 23:00:00+00:00,2025,Austin FC,Seattle Sounders FC,2,1
2025-09-22 01:00:00+00:00,2025,Los Angeles FC,Real Salt Lake,4,1
2025-09-24 23:30:00+00:00,2025,New York City FC,Inter Miami CF,0,4
2025-09-25 02:30:00+00:00,2025,Vancouver Whitecaps,Portland Timbers,1,1
2025-09-27 20:30:00+00:00,2025,Toronto FC,Inter Miami CF,1,1
2025-09-27 23:30:00+00:00,2025,New England Revolution,Atlanta United,2,0
2025-09-27 23:30:00+00:00,2025,New York Red Bulls,New York City FC,2,3
2025-09-27 23:30:00+00:00,2025,DC United,Philadelphia Union,0,6
2025-09-27 23:30:00+00:00,2025,Charlotte FC,CF Montréal,1,4
2025-09-28 00:30:00+00:00,2025,St.Louis City,Los Angeles FC,0,3
2025-09-28 00:30:00+00:00,2025,Nashville SC,Houston Dynamo,3,1
2025-09-28 00:30:00+00:00,2025,Chicago Fire,Columbus Crew,2,0
2025-09-28 01:30:00+00:00,2025,Real Salt Lake,Austin FC,3,1
2025-09-28 01:30:00+00:00,2025,Colorado Rapids,Minnesota United,1,1
2025-09-28 02:30:00+00:00,2025,San Diego FC,San Jose Earthquakes,0,1
2025-09-28 02:30:00+00:00,2025,Seattle Sounders FC,Vancouver Whitecaps,2,2
2025-09-28 02:30:00+00:00,2025,Portland Timbers,FC Dallas,2,2
2025-09-28 02:30:00+00:00,2025,LA Galaxy,Sporting Kansas City,4,1
2025-09-28 23:00:00+00:00,2025,FC Cincinnati,Orlando City SC,1,1
2025-09-30 23:30:00+00:00,2025,Inter Miami CF,Chicago Fire,3,5
2025-10-04 18:30:00+00:00,2025,DC United,Charlotte FC,0,1
2025-10-04 18:30:00+00:00,2025,CF Montréal,Nashville SC,1,1
2025-10-04 20:30:00+00:00,2025,FC Dallas,LA Galaxy,2,1
2025-10-04 23:30:00+00:00,2025,Inter Miami CF,New England Revolution,4,1
2025-10-04 23:30:00+00:00,2025,Philadelphia Union,New York City FC,1,0
2025-10-04 23:30:00+00:00,2025,New York Red Bulls,FC Cincinnati,0,1
2025-10-04 23:30:00+00:00,2025,Orlando City SC,Columbus Crew,1,1
2025-10-05 00:30:00+00:00,2025,Minnesota United,Sporting Kansas City,3,0
2025-10-05 00:30:00+00:00,2025,Chicago Fire,Toronto FC,2,2
2025-10-05 00:30:00+00:00,2025,Houston Dynamo,San Diego FC,2,4
2025-10-05 00:30:00+00:00,2025,Austin FC,St.Louis City,1,3
2025-10-05 01:30:00+00:00,2025,Real Salt Lake,Colorado Rapids,1,0
2025-10-05 02:30:00+00:00,2025,Seattle Sounders FC,Portland Timbers,1,0
2025-10-05 22:00:00+00:00,2025,Vancouver Whitecaps,San Jose Earthquakes,4,1
2025-10-06 01:00:00+00:00,2025,Los Angeles FC,Atlanta United,1,0
2025-10-09 02:30:00+00:00,2025,Los Angeles FC,Toronto FC,2,0
2025-10-11 23:30:00+00:00,2025,Orlando City SC,Vancouver Whitecaps,1,2
2025-10-11 23:30:00+00:00,2025,Inter Miami CF,Atlanta United,4,0
2025-10-12 01:30:00+00:00,2025,Seattle Sounders FC,Real Salt Lake,1,0
2025-10-12 02:30:00+00:00,2025,LA Galaxy,FC Dallas,2,1
2025-10-12 23:00:00+00:00,2025,Austin FC,Los Angeles FC,1,0
2025-10-18 22:00:00+00:00,2025,Charlotte FC,Philadelphia Union,2,0
2025-10-18 22:00:00+00:00,2025,Atlanta United,DC United,1,1
2025-10-18 22:00:00+00:00,2025,Columbus Crew,New York Red Bulls,3,1
2025-10-18 22:00:00+00:00,2025,FC Cincinnati,CF Montréal,3,0
2025-10-18 22:00:00+00:00,2025,Nashville SC,Inter Miami CF,2,5
2025-10-18 22:00:00+00:00,2025,Toronto FC,Orlando City SC,4,2
2025-10-18 22:00:00+00:00,2025,New York City FC,Seattle Sounders FC,1,2
2025-10-18 22:00:00+00:00,2025,New England Revolution,Chicago Fire,2,2
2025-10-19 01:00:00+00:00,2025,St.Louis City,Real Salt Lake,2,2
2025-10-19 01:00:00+00:00,2025,Portland Timbers,San Diego FC,0,4
2025-10-19 01:00:00+00:00,2025,Vancouver Whitecaps,FC Dallas,1,2
2025-10-19 01:00:00+00:00,2025,San Jose Earthquakes,Austin FC,2,1
2025-10-19 01:00:00+00:00,2025,LA Galaxy,Minnesota United,2,1
2025-10-19 01:00:00+00:00,2025,Colorado Rapids,Los Angeles FC,2,2
2025-10-19 01:00:00+00:00,2025,Sporting Kansas City,Houston Dynamo,0,0
2025-10-23 00:30:00+00:00,2025,Chicago Fire,Orlando City SC,3,1
2025-10-23 02:30:00+00:00,2025,Portland Timbers,Real Salt Lake,3,1
2025-10-25 00:00:00+00:00,2025,Inter Miami CF,Nashville SC,3,1
2025-10-26 21:30:00+00:00,2025,Philadelphia Union,Chicago Fire,2,2
2025-10-26 23:30:00+00:00,2025,Vancouver Whitecaps,FC Dallas,3,0
2025-10-27 01:30:00+00:00,2025,San Diego FC,Portland Timbers,2,1
2025-10-27 22:45:00+00:00,2025,FC Cincinnati,Columbus Crew,1,0
2025-10-28 01:00:00+00:00,2025,Minnesota United,Seattle Sounders FC,0,0
2025-10-28 22:45:00+00:00,2025,Charlotte FC,New York City FC,0,1
2025-10-30 02:30:00+00:00,2025,Los Angeles FC,Austin FC,2,1
2025-11-01 19:30:00+00:00,2025,New York City FC,Charlotte FC,0,0
2025-11-01 21:30:00+00:00,2025,Chicago Fire,Philadelphia Union,0,3
2025-11-01 23:30:00+00:00,2025,Nashville SC,Inter Miami CF,2,1
2025-11-02 01:30:00+00:00,2025,Portland Timbers,San Diego FC,2,2
2025-11-02 01:30:00+00:00,2025,FC Dallas,Vancouver Whitecaps,1,1
2025-11-02 23:30:00+00:00,2025,Columbus Crew,FC Cincinnati,4,0
2025-11-03 01:45:00+00:00,2025,Austin FC,Los Angeles FC,1,4
2025-11-04 03:45:00+00:00,2025,Seattle Sounders FC,Minnesota United,4,2
2025-11-08 00:00:00+00:00,2025,Charlotte FC,New York City FC,1,3
2025-11-08 21:00:00+00:00,2025,Minnesota United,Seattle Sounders FC,3,3
2025-11-08 23:00:00+00:00,2025,FC Cincinnati,Columbus Crew,2,1
2025-11-09 01:00:00+00:00,2025,Inter Miami CF,Nashville SC,4,0
2025-11-10 02:00:00+00:00,2025,San Diego FC,Portland Timbers,4,0
2025-11-23 02:30:00+00:00,2025,Vancouver Whitecaps,Los Angeles FC,2,2
2025-11-23 22:00:00+00:00,2025,FC Cincinnati,Inter Miami CF,0,4
2025-11-24 00:45:00+00:00,2025,Philadelphia Union,New York City FC,0,1
2025-11-25 03:00:00+00:00,2025,San Diego FC,Minnesota United,1,0
2025-11-29 23:00:00+00:00,2025,Inter Miami CF,New York City FC,5,1
2025-11-30 02:00:00+00:00,2025,San Diego FC,Vancouver Whitecaps,1,3
2025-12-06 19:30:00+00:00,2025,Inter Miami CF,Vancouver Whitecaps,3,1
2026-02-21 19:30:00+00:00,2026,St.Louis City,Charlotte FC,1,1
2026-02-21 21:45:00+00:00,2026,FC Cincinnati,Atlanta United,2,0
2026-02-22 00:30:00+00:00,2026,Vancouver Whitecaps,Real Salt Lake,1,0
2026-02-22 00:30:00+00:00,2026,Orlando City SC,New York Red Bulls,1,2
2026-02-22 00:30:00+00:00,2026,DC United,Philadelphia Union,1,0
2026-02-22 01:30:00+00:00,2026,Nashville SC,New England Revolution,4,1
2026-02-22 01:30:00+00:00,2026,Houston Dynamo,Chicago Fire,2,1
2026-02-22 01:30:00+00:00,2026,FC Dallas,Toronto FC,3,2
2026-02-22 01:30:00+00:00,2026,Austin FC,Minnesota United,2,2
2026-02-22 02:30:00+00:00,2026,Los Angeles FC,Inter Miami CF,3,0
2026-02-22 03:30:00+00:00,2026,San Jose Earthquakes,Sporting Kansas City,3,0
2026-02-22 03:30:00+00:00,2026,San Diego FC,CF Montréal,5,0
2026-02-22 03:30:00+00:00,2026,Portland Timbers,Columbus Crew,3,2
2026-02-23 00:00:00+00:00,2026,LA Galaxy,New York City FC,1,1
2026-02-23 02:15:00+00:00,2026,Seattle Sounders FC,Colorado Rapids,2,0
2026-02-28 19:30:00+00:00,2026,Chicago Fire,CF Montréal,3,0
2026-02-28 19:30:00+00:00,2026,New York Red Bulls,New England Revolution,1,0
2026-02-28 21:30:00+00:00,2026,Minnesota United,FC Cincinnati,1,0
2026-02-28 21:30:00+00:00,2026,Colorado Rapids,Portland Timbers,2,0
2026-03-01 00:30:00+00:00,2026,Real Salt Lake,Seattle Sounders FC,2,1
2026-03-01 00:30:00+00:00,2026,San Jose Earthquakes,Atlanta United,2,0
2026-03-01 01:30:00+00:00,2026,Houston Dynamo,Los Angeles FC,0,2
2026-03-01 01:30:00+00:00,2026,FC Dallas,Nashville SC,0,0
2026-03-01 01:30:00+00:00,2026,Sporting Kansas City,Columbus Crew,2,2
2026-03-01 02:30:00+00:00,2026,Vancouver Whitecaps,Toronto FC,3,0
2026-03-01 03:30:00+00:00,2026,LA Galaxy,Charlotte FC,3,0
2026-03-01 19:30:00+00:00,2026,Austin FC,DC United,1,0
2026-03-01 21:30:00+00:00,2026,Philadelphia Union,New York City FC,1,2
2026-03-02 00:00:00+00:00,2026,Orlando City SC,Inter Miami CF,2,4
2026-03-02 02:15:00+00:00,2026,San Diego FC,St.Louis City,2,0
2026-03-07 19:30:00+00:00,2026,New York City FC,Orlando City SC,5,0
2026-03-07 21:30:00+00:00,2026,DC United,Inter Miami CF,1,2
2026-03-08 00:30:00+00:00,2026,Columbus Crew,Chicago Fire,0,0
2026-03-08 00:30:00+00:00,2026,Philadelphia Union,San Jose Earthquakes,0,1
2026-03-08 00:30:00+00:00,2026,Charlotte FC,Austin FC,3,1
2026-03-08 00:30:00+00:00,2026,Atlanta United,Real Salt Lake,2,3
2026-03-08 01:30:00+00:00,2026,Nashville SC,Minnesota United,3,1
2026-03-08 01:30:00+00:00,2026,Sporting Kansas City,San Diego FC,0,1
2026-03-08 01:30:00+00:00,2026,St.Louis City,Seattle Sounders FC,0,1
2026-03-08 02:30:00+00:00,2026,Colorado Rapids,LA Galaxy,4,1
2026-03-08 03:30:00+00:00,2026,Los Angeles FC,FC Dallas,1,0
2026-03-08 03:30:00+00:00,2026,Portland Timbers,Vancouver Whitecaps,1,4
2026-03-08 20:30:00+00:00,2026,New York Red Bulls,CF Montréal,0,3
2026-03-08 23:00:00+00:00,2026,FC Cincinnati,Toronto FC,0,1
2026-03-14 17:00:00+00:00,2026,Toronto FC,New York Red Bulls,1,1
2026-03-14 19:15:00+00:00,2026,Atlanta United,Philadelphia Union,3,1
2026-03-14 22:15:00+00:00,2026,Columbus Crew,Nashville SC,0,1
2026-03-14 23:30:00+00:00,2026,Orlando City SC,CF Montréal,2,1
2026-03-14 23:30:00+00:00,2026,Charlotte FC,Inter Miami CF,0,0
2026-03-14 23:30:00+00:00,2026,New York City FC,Colorado Rapids,3,1
2026-03-15 00:30:00+00:00,2026,Houston Dynamo,Portland Timbers,3,2
2026-03-15 00:30:00+00:00,2026,FC Dallas,San Diego FC,3,3
2026-03-15 00:30:00+00:00,2026,Chicago Fire,DC United,1,2
2026-03-15 01:30:00+00:00,2026,Real Salt Lake,Austin FC,2,1
2026-03-15 01:30:00+00:00,2026,LA Galaxy,Sporting Kansas City,1,2
2026-03-15 02:30:00+00:00,2026,Los Angeles FC,St.Louis City,2,0
2026-03-15 18:30:00+00:00,2026,New England Revolution,FC Cincinnati,6,1
2026-03-15 20:30:00+00:00,2026,Vancouver Whitecaps,Minnesota United,6,0
2026-03-15 23:00:00+00:00,2026,San Jose Earthquakes,Seattle Sounders FC,0,1
2026-03-21 17:00:00+00:00,2026,Toronto FC,Columbus Crew,2,1
2026-03-21 20:30:00+00:00,2026,Philadelphia Union,Chicago Fire,1,2
2026-03-21 22:15:00+00:00,2026,Nashville SC,Orlando City SC,5,0
2026-03-21 23:30:00+00:00,2026,Charlotte FC,New York Red Bulls,6,1
2026-03-21 23:30:00+00:00,2026,Atlanta United,DC United,0,0
2026-03-22 00:30:00+00:00,2026,Sporting Kansas City,Colorado Rapids,1,4
2026-03-22 00:30:00+00:00,2026,St.Louis City,New England Revolution,3,1
2026-03-22 00:30:00+00:00,2026,FC Dallas,Houston Dynamo,4,3
2026-03-22 00:45:00+00:00,2026,Austin FC,Los Angeles FC,0,0
2026-03-22 02:30:00+00:00,2026,Vancouver Whitecaps,San Jose Earthquakes,0,1
2026-03-22 17:00:00+00:00,2026,New York City FC,Inter Miami CF,2,3
2026-03-22 17:00:00+00:00,2026,FC Cincinnati,CF Montréal,4,3
2026-03-22 18:30:00+00:00,2026,Minnesota United,Seattle Sounders FC,0,0
2026-03-22 20:45:00+00:00,2026,Portland Timbers,LA Galaxy,1,1
2026-03-22 23:00:00+00:00,2026,San Diego FC,Real Salt Lake,2,2
2026-04-04 17:00:00+00:00,2026,Toronto FC,Colorado Rapids,3,2
2026-04-04 20:30:00+00:00,2026,Real Salt Lake,Sporting Kansas City,3,1
2026-04-04 20:30:00+00:00,2026,New England Revolution,CF Montréal,3,0
2026-04-04 23:30:00+00:00,2026,New York City FC,St.Louis City,1,1
2026-04-04 23:30:00+00:00,2026,New York Red Bulls,FC Cincinnati,4,2
2026-04-04 23:30:00+00:00,2026,Charlotte FC,Philadelphia Union,2,1
2026-04-04 23:30:00+00:00,2026,DC United,FC Dallas,0,4
2026-04-04 23:30:00+00:00,2026,Atlanta United,Columbus Crew,1,3
2026-04-04 23:45:00+00:00,2026,Inter Miami CF,Austin FC,2,2
2026-04-05 00:30:00+00:00,2026,Chicago Fire,Nashville SC,1,0
2026-04-05 01:00:00+00:00,2026,Houston Dynamo,Seattle Sounders FC,0,1
2026-04-05 01:30:00+00:00,2026,Los Angeles FC,Orlando City SC,6,0
2026-04-05 02:30:00+00:00,2026,Vancouver Whitecaps,Portland Timbers,3,2
2026-04-05 02:30:00+00:00,2026,San Jose Earthquakes,San Diego FC,3,0
2026-04-05 02:30:00+00:00,2026,LA Galaxy,Minnesota United,1,2
2026-04-11 17:00:00+00:00,2026,Toronto FC,FC Cincinnati,1,1
2026-04-11 18:30:00+00:00,2026,Austin FC,LA Galaxy,1,2
2026-04-11 18:30:00+00:00,2026,CF Montréal,Philadelphia Union,1,2
2026-04-11 20:45:00+00:00,2026,Portland Timbers,Los Angeles FC,2,1
2026-04-11 23:30:00+00:00,2026,Charlotte FC,Nashville SC,1,2
2026-04-11 23:30:00+00:00,2026,Vancouver Whitecaps,New York City FC,2,0
2026-04-11 23:30:00+00:00,2026,Inter Miami CF,New York Red Bulls,2,2
2026-04-11 23:30:00+00:00,2026,New England Revolution,DC United,1,0
2026-04-12 00:30:00+00:00,2026,FC Dallas,St.Louis City,1,1
2026-04-12 00:30:00+00:00,2026,Sporting Kansas City,San Jose Earthquakes,1,3
2026-04-12 00:30:00+00:00,2026,Chicago Fire,Atlanta United,1,0
2026-04-12 01:30:00+00:00,2026,Colorado Rapids,Houston Dynamo,6,2
2026-04-12 02:30:00+00:00,2026,San Diego FC,Minnesota United,1,2
2026-04-12 23:00:00+00:00,2026,Columbus Crew,Orlando City SC,1,1
2026-04-18 02:30:00+00:00,2026,Vancouver Whitecaps,Sporting Kansas City,3,0
2026-04-18 17:00:00+00:00,2026,Toronto FC,Austin FC,3,3
2026-04-18 18:30:00+00:00,2026,CF Montréal,New York Red Bulls,4,1
2026-04-18 20:30:00+00:00,2026,Colorado Rapids,Inter Miami CF,2,3
2026-04-18 23:30:00+00:00,2026,Orlando City SC,Houston Dynamo,0,1
2026-04-18 23:30:00+00:00,2026,Philadelphia Union,DC United,0,0
2026-04-18 23:30:00+00:00,2026,New England Revolution,Columbus Crew,2,1
2026-04-18 23:30:00+00:00,2026,New York City FC,Charlotte FC,1,2
2026-04-18 23:30:00+00:00,2026,FC Cincinnati,Chicago Fire,3,3
2026-04-18 23:30:00+00:00,2026,Atlanta United,Nashville SC,0,2
2026-04-19 00:30:00+00:00,2026,Minnesota United,Portland Timbers,2,0
2026-04-19 00:30:00+00:00,2026,FC Dallas,LA Galaxy,2,2
2026-04-19 01:30:00+00:00,2026,Seattle Sounders FC,St.Louis City,4,1
2026-04-19 01:30:00+00:00,2026,Real Salt Lake,San Diego FC,4,2
2026-04-19 23:00:00+00:00,2026,Los Angeles FC,San Jose Earthquakes,1,4
2026-04-22 23:30:00+00:00,2026,Orlando City SC,Charlotte FC,4,1
2026-04-22 23:30:00+00:00,2026,Toronto FC,Philadelphia Union,3,3
2026-04-22 23:30:00+00:00,2026,New York City FC,FC Cincinnati,4,4
2026-04-22 23:30:00+00:00,2026,New York Red Bulls,DC United,4,4
2026-04-22 23:30:00+00:00,2026,Columbus Crew,LA Galaxy,2,1
2026-04-22 23:45:00+00:00,2026,Atlanta United,New England Revolution,1,2
2026-04-23 00:30:00+00:00,2026,Houston Dynamo,San Diego FC,1,0
2026-04-23 00:30:00+00:00,2026,FC Dallas,Minnesota United,0,1
2026-04-23 01:30:00+00:00,2026,Real Salt Lake,Inter Miami CF,0,2
2026-04-23 02:30:00+00:00,2026,Los Angeles FC,Colorado Rapids,0,0
2026-04-23 02:30:00+00:00,2026,San Jose Earthquakes,Austin FC,5,1
2026-04-25 17:00:00+00:00,2026,Toronto FC,Atlanta United,1,2
2026-04-25 18:30:00+00:00,2026,CF Montréal,New York City FC,1,0
2026-04-25 20:45:00+00:00,2026,Minnesota United,Los Angeles FC,0,1
2026-04-25 23:30:00+00:00,2026,Inter Miami CF,New England Revolution,1,1
2026-04-25 23:30:00+00:00,2026,FC Cincinnati,New York Red Bulls,2,0
2026-04-25 23:30:00+00:00,2026,DC United,Orlando City SC,3,2
2026-04-25 23:30:00+00:00,2026,Columbus Crew,Philadelphia Union,2,0
2026-04-26 00:30:00+00:00,2026,Nashville SC,Charlotte FC,4,2
2026-04-26 00:30:00+00:00,2026,St.Louis City,San Jose Earthquakes,2,3
2026-04-26 00:30:00+00:00,2026,Chicago Fire,Sporting Kansas City,5,0
2026-04-26 00:30:00+00:00,2026,Austin FC,Houston Dynamo,2,0
2026-04-26 01:30:00+00:00,2026,San Diego FC,Portland Timbers,1,2
2026-04-26 02:30:00+00:00,2026,Seattle Sounders FC,FC Dallas,2,1
2026-04-26 02:30:00+00:00,2026,Vancouver Whitecaps,Colorado Rapids,3,1
2026-04-26 23:00:00+00:00,2026,LA Galaxy,Real Salt Lake,2,1
2026-05-02 17:00:00+00:00,2026,Toronto FC,San Jose Earthquakes,1,1
2026-05-02 18:30:00+00:00,2026,Sporting Kansas City,Seattle Sounders FC,1,1
2026-05-02 20:45:00+00:00,2026,Real Salt Lake,Portland Timbers,2,0
2026-05-02 23:15:00+00:00,2026,Inter Miami CF,Orlando City SC,3,4
2026-05-02 23:30:00+00:00,2026,Columbus Crew,Minnesota United,2,3
2026-05-02 23:30:00+00:00,2026,Philadelphia Union,Nashville SC,0,0
2026-05-02 23:30:00+00:00,2026,New York Red Bulls,FC Dallas,0,2
2026-05-02 23:30:00+00:00,2026,New England Revolution,Charlotte FC,1,0
2026-05-02 23:30:00+00:00,2026,Atlanta United,CF Montréal,3,1
2026-05-03 00:30:00+00:00,2026,Houston Dynamo,Colorado Rapids,1,0
2026-05-03 00:30:00+00:00,2026,Chicago Fire,FC Cincinnati,2,3
2026-05-03 01:30:00+00:00,2026,San Diego FC,Los Angeles FC,2,2
2026-05-03 02:30:00+00:00,2026,LA Galaxy,Vancouver Whitecaps,1,1
2026-05-03 19:00:00+00:00,2026,New York City FC,DC United,0,2
2026-05-03 21:30:00+00:00,2026,Austin FC,St.Louis City,2,0
2026-05-09 17:00:00+00:00,2026,Toronto FC,Inter Miami CF,2,4
2026-05-09 18:30:00+00:00,2026,Chicago Fire,New York Red Bulls,1,3
2026-05-09 20:30:00+00:00,2026,CF Montréal,Orlando City SC,2,0
2026-05-09 23:30:00+00:00,2026,Charlotte FC,FC Cincinnati,2,2
2026-05-09 23:30:00+00:00,2026,Atlanta United,LA Galaxy,1,2
2026-05-09 23:30:00+00:00,2026,New England Revolution,Philadelphia Union,2,1
2026-05-10 00:30:00+00:00,2026,FC Dallas,Real Salt Lake,3,1
2026-05-10 01:15:00+00:00,2026,Nashville SC,DC United,2,2
2026-05-10 01:30:00+00:00,2026,Colorado Rapids,St.Louis City,0,1
2026-05-10 02:30:00+00:00,2026,San Jose Earthquakes,Vancouver Whitecaps,1,1
2026-05-10 02:30:00+00:00,2026,Seattle Sounders FC,San Diego FC,1,1
2026-05-10 02:30:00+00:00,2026,Portland Timbers,Sporting Kansas City,6,0
2026-05-10 20:30:00+00:00,2026,New York City FC,Columbus Crew,3,0
2026-05-10 23:00:00+00:00,2026,Minnesota United,Austin FC,2,2
2026-05-11 01:00:00+00:00,2026,Los Angeles FC,Houston Dynamo,1,4
2026-05-13 23:15:00+00:00,2026,Charlotte FC,New York City FC,0,1
2026-05-13 23:30:00+00:00,2026,Orlando City SC,Philadelphia Union,4,3
2026-05-13 23:30:00+00:00,2026,New York Red Bulls,Columbus Crew,3,2
2026-05-13 23:30:00+00:00,2026,CF Montréal,Portland Timbers,2,2
2026-05-13 23:30:00+00:00,2026,New England Revolution,Nashville SC,0,3
2026-05-13 23:30:00+00:00,2026,DC United,Chicago Fire,1,3
2026-05-13 23:30:00+00:00,2026,FC Cincinnati,Inter Miami CF,3,5
2026-05-14 00:30:00+00:00,2026,Sporting Kansas City,LA Galaxy,3,1
2026-05-14 00:30:00+00:00,2026,St.Louis City,Los Angeles FC,2,1
2026-05-14 00:30:00+00:00,2026,FC Dallas,Vancouver Whitecaps,2,3
2026-05-14 00:30:00+00:00,2026,Minnesota United,Colorado Rapids,0,1
2026-05-14 01:30:00+00:00,2026,Seattle Sounders FC,San Jose Earthquakes,3,2
2026-05-14 01:30:00+00:00,2026,San Diego FC,Austin FC,5,0
2026-05-14 01:30:00+00:00,2026,Real Salt Lake,Houston Dynamo,3,0
2026-05-16 20:30:00+00:00,2026,CF Montréal,Chicago Fire,0,2
2026-05-16 23:30:00+00:00,2026,New York Red Bulls,New York City FC,1,1
2026-05-16 23:30:00+00:00,2026,New England Revolution,Minnesota United,2,1
2026-05-16 23:30:00+00:00,2026,Philadelphia Union,Columbus Crew,1,1
2026-05-16 23:30:00+00:00,2026,Orlando City SC,Atlanta United,1,1
2026-05-16 23:30:00+00:00,2026,DC United,St.Louis City,1,1
2026-05-16 23:30:00+00:00,2026,Charlotte FC,Toronto FC,3,1
2026-05-17 00:30:00+00:00,2026,Houston Dynamo,Vancouver Whitecaps,1,0
2026-05-17 00:30:00+00:00,2026,Austin FC,Sporting Kansas City,1,2
2026-05-17 01:15:00+00:00,2026,Seattle Sounders FC,LA Galaxy,0,2
2026-05-17 01:30:00+00:00,2026,San Diego FC,FC Cincinnati,3,3
2026-05-17 01:30:00+00:00,2026,Real Salt Lake,Colorado Rapids,2,1
2026-05-17 02:30:00+00:00,2026,San Jose Earthquakes,FC Dallas,2,3
2026-05-17 22:00:00+00:00,2026,Inter Miami CF,Portland Timbers,2,0
2026-05-18 00:00:00+00:00,2026,Nashville SC,Los Angeles FC,3,2
2026-05-23 18:45:00+00:00,2026,St.Louis City,Austin FC,3,0
2026-05-23 20:30:00+00:00,2026,Minnesota United,Real Salt Lake,1,1
2026-05-23 23:30:00+00:00,2026,FC Cincinnati,Orlando City SC,6,2
2026-05-23 23:30:00+00:00,2026,DC United,CF Montréal,4,4
2026-05-23 23:30:00+00:00,2026,Charlotte FC,New England Revolution,1,0
2026-05-24 00:30:00+00:00,2026,Nashville SC,New York City FC,2,1
2026-05-24 00:30:00+00:00,2026,Sporting Kansas City,New York Red Bulls,1,2
2026-05-24 00:30:00+00:00,2026,Chicago Fire,Toronto FC,2,1
2026-05-24 01:30:00+00:00,2026,Portland Timbers,San Jose Earthquakes,1,3
2026-05-24 01:30:00+00:00,2026,San Diego FC,Vancouver Whitecaps,2,4
2026-05-24 01:30:00+00:00,2026,Colorado Rapids,FC Dallas,1,2
2026-05-24 02:30:00+00:00,2026,LA Galaxy,Houston Dynamo,1,1
2026-05-24 21:00:00+00:00,2026,Columbus Crew,Atlanta United,2,0
2026-05-24 23:00:00+00:00,2026,Inter Miami CF,Philadelphia Union,6,4
2026-05-25 01:25:00+00:00,2026,Los Angeles FC,Seattle Sounders FC,1,0
2026-07-16 23:30:00+00:00,2026,CF Montréal,Toronto FC,0,0
2026-07-17 00:30:00+00:00,2026,St.Louis City,Sporting Kansas City,3,2
2026-07-17 02:30:00+00:00,2026,Seattle Sounders FC,Portland Timbers,1,5
2026-07-18 00:10:00+00:00,2026,Nashville SC,Atlanta United,1,0
2026-07-18 02:25:00+00:00,2026,LA Galaxy,Los Angeles FC,0,3
2026-07-22 23:30:00+00:00,2026,Columbus Crew,New York City FC,1,2
2026-07-22 23:30:00+00:00,2026,Philadelphia Union,New York Red Bulls,3,1
2026-07-22 23:30:00+00:00,2026,New England Revolution,Toronto FC,0,0
2026-07-22 23:30:00+00:00,2026,Inter Miami CF,Chicago Fire,3,2
2026-07-22 23:30:00+00:00,2026,FC Cincinnati,Vancouver Whitecaps,4,3
2026-07-23 00:15:00+00:00,2026,Charlotte FC,Atlanta United,2,2
2026-07-23 00:30:00+00:00,2026,Sporting Kansas City,Minnesota United,2,1
2026-07-23 00:30:00+00:00,2026,Houston Dynamo,DC United,1,1
2026-07-23 00:30:00+00:00,2026,Nashville SC,CF Montréal,1,0
2026-07-23 01:30:00+00:00,2026,Colorado Rapids,San Diego FC,1,0
2026-07-23 01:30:00+00:00,2026,Austin FC,Seattle Sounders FC,3,1
2026-07-23 02:30:00+00:00,2026,Los Angeles FC,Real Salt Lake,3,1
2026-07-23 02:30:00+00:00,2026,LA Galaxy,St.Louis City,1,3
2026-07-23 02:30:00+00:00,2026,San Jose Earthquakes,Orlando City SC,0,4
2026-07-23 02:30:00+00:00,2026,Portland Timbers,FC Dallas,2,2
2026-07-25 22:30:00+00:00,2026,New York Red Bulls,Charlotte FC,0,2
2026-07-25 23:15:00+00:00,2026,Columbus Crew,FC Cincinnati,2,1
2026-07-25 23:30:00+00:00,2026,Philadelphia Union,Seattle Sounders FC,1,0
2026-07-25 23:30:00+00:00,2026,CF Montréal,Inter Miami CF,0,1
2026-07-25 23:30:00+00:00,2026,New York City FC,Chicago Fire,3,1
2026-07-25 23:30:00+00:00,2026,New England Revolution,Atlanta United,4,1
2026-07-25 23:30:00+00:00,2026,DC United,Toronto FC,2,1
2026-07-26 00:30:00+00:00,2026,St.Louis City,Colorado Rapids,1,0
2026-07-26 00:30:00+00:00,2026,Minnesota United,Vancouver Whitecaps,0,0
2026-07-26 00:30:00+00:00,2026,Houston Dynamo,Austin FC,3,0
2026-07-26 00:46:00+00:00,2026,Orlando City SC,Nashville SC,1,0
2026-07-26 01:30:00+00:00,2026,San Diego FC,FC Dallas,1,0
2026-07-26 02:30:00+00:00,2026,San Jose Earthquakes,LA Galaxy,1,1
2026-07-26 02:30:00+00:00,2026,Portland Timbers,Real Salt Lake,2,1
2026-07-26 02:30:00+00:00,2026,Los Angeles FC,Sporting Kansas City,4,0
2026-07-31 23:30:00+00:00,2026,New York City FC,Toronto FC,1,1
2026-08-01 23:30:00+00:00,2026,Vancouver Whitecaps,Los Angeles FC,1,1
2026-08-01 23:30:00+00:00,2026,Philadelphia Union,Atlanta United,3,2
2026-08-01 23:30:00+00:00,2026,New York Red Bulls,Orlando City SC,3,2
2026-08-01 23:30:00+00:00,2026,CF Montréal,New England Revolution,2,2
2026-08-01 23:30:00+00:00,2026,DC United,Nashville SC,2,2
2026-08-02 00:10:00+00:00,2026,Inter Miami CF,Columbus Crew,2,2
2026-08-02 00:30:00+00:00,2026,St.Louis City,Real Salt Lake,1,1
2026-08-02 00:30:00+00:00,2026,Chicago Fire,Charlotte FC,2,1
2026-08-02 00:30:00+00:00,2026,Minnesota United,San Diego FC,1,1
2026-08-02 00:30:00+00:00,2026,Sporting Kansas City,Houston Dynamo,0,2
2026-08-02 01:30:00+00:00,2026,Colorado Rapids,Austin FC,1,0
2026-08-02 01:45:00+00:00,2026,FC Cincinnati,San Jose Earthquakes,4,2
2026-08-02 02:30:00+00:00,2026,LA Galaxy,FC Dallas,0,0
2026-08-02 02:45:00+00:00,2026,Portland Timbers,Seattle Sounders FC,2,1
